,hourly_rate,daily_rate,monthly_rate,monthly_income,percent_salary_hike
0,51.0,684.0,6462,19537.0,13
1,65.0,699.0,5678,19999.0,14
2,58.0,532.0,4933,19232.0,11
3,82.0,359.0,26703,17169.0,19
4,45.0,1319.0,7739,,12
5,58.0,117.0,2437,17174.0,11
6,99.0,1435.0,2354,,11
7,99.0,635.0,24532,,25
8,91.0,1276.0,5626,16595.0,16
9,64.0,840.0,3735,,17
10,55.0,247.0,20284,19973.0,22
11,68.0,1369.0,18235,13402.0,12
12,99.0,201.0,3376,13206.0,12
13,49.0,1360.0,16280,19545.0,12
14,61.0,692.0,13339,,11
15,79.0,1398.0,13022,18041.0,14
16,31.0,286.0,25761,19246.0,12
17,69.0,1402.0,24097,,23
18,48.0,819.0,26312,,11
19,80.0,884.0,25800,,13
20,74.0,1238.0,3395,10748.0,23
21,98.0,515.0,15146,,12
22,59.0,1223.0,8202,,13
23,33.0,202.0,12982,16752.0,11
24,56.0,928.0,2823,6201.0,14
25,66.0,607.0,23457,,20
26,57.0,266.0,25846,19845.0,15
27,53.0,429.0,2323,,11
28,79.0,589.0,22949,,12
29,87.0,,12313,4001.0,14
30,81.0,,26458,10447.0,13
31,84.0,1180.0,13084,,23
32,58.0,1282.0,10735,,11
33,32.0,776.0,23016,,14
34,41.0,665.0,12482,,14
35,92.0,526.0,2137,,25
36,80.0,1034.0,7744,16064.0,22
37,47.0,1403.0,20251,3210.0,11
38,80.0,1499.0,2845,10266.0,19
39,48.0,580.0,23772,10475.0,21
40,98.0,859.0,19124,6162.0,12
41,59.0,263.0,3119,4721.0,13
42,,1376.0,13938,,13
43,43.0,885.0,8269,,16
44,74.0,1003.0,21029,4615.0,23
45,86.0,1321.0,7636,,15
46,30.0,,25796,,20
47,92.0,394.0,19494,16959.0,12
48,42.0,1372.0,15881,,12
49,65.0,,24624,,11
50,80.0,1333.0,16292,,13
51,51.0,228.0,11380,,12
52,55.0,737.0,21530,10306.0,17
53,81.0,823.0,22539,,13
54,57.0,667.0,26236,,21
55,88.0,301.0,10436,5406.0,24
56,79.0,573.0,15717,,12
57,96.0,,5549,,14
58,47.0,1329.0,14590,5902.0,14
59,67.0,630.0,8552,10855.0,11
60,62.0,,9945,5914.0,16
61,72.0,1063.0,23866,,15
62,82.0,1017.0,19368,6646.0,13
63,,1296.0,5335,,23
64,,939.0,4161,13973.0,18
65,78.0,1355.0,22245,,14
66,53.0,1448.0,11737,13320.0,18
67,32.0,200.0,7744,,25
68,89.0,1202.0,13888,,20
69,98.0,404.0,6163,6687.0,11
70,52.0,208.0,12250,,12
71,50.0,813.0,21981,,15
72,41.0,465.0,11652,,19
73,90.0,1189.0,9867,4735.0,15
74,79.0,,13637,,18
75,92.0,1001.0,19271,,12
76,58.0,1394.0,18115,,16
77,42.0,161.0,15471,,25
78,99.0,288.0,15830,,19
79,37.0,682.0,24409,13872.0,13
80,45.0,1354.0,5615,,12
81,94.0,147.0,3465,,12
82,76.0,119.0,9647,,12
83,42.0,1413.0,6599,,14
84,81.0,452.0,18938,19045.0,14
85,88.0,334.0,15896,16015.0,19
86,48.0,1132.0,10942,9613.0,17
87,92.0,,15682,11510.0,14
88,59.0,982.0,4345,,11
89,31.0,480.0,4156,4306.0,12
90,88.0,1099.0,9314,17046.0,15
91,78.0,672.0,9129,,16
92,64.0,1379.0,6759,5067.0,19
93,57.0,583.0,6975,,11
94,61.0,1492.0,26542,,20
95,65.0,1050.0,17970,,13
96,60.0,117.0,6311,,13
97,46.0,469.0,9256,3692.0,12
98,94.0,,2493,,16
99,83.0,237.0,19196,19847.0,24
100,55.0,1440.0,4944,2308.0,25
101,65.0,1291.0,3525,,24
102,57.0,1157.0,11912,,14
103,100.0,1336.0,7129,,13
104,91.0,1224.0,13583,,12
105,86.0,735.0,26496,5747.0,15
106,48.0,,24032,10422.0,19
107,51.0,1389.0,10195,,11
108,40.0,638.0,3142,,13
109,48.0,1240.0,13982,6347.0,19
110,60.0,194.0,10901,2348.0,18
111,41.0,1339.0,8053,,12
112,66.0,111.0,11012,3072.0,11
113,45.0,,14074,,17
114,81.0,1469.0,15736,12490.0,16
115,84.0,470.0,23687,,13
116,96.0,1232.0,5100,8020.0,15
117,97.0,1249.0,20308,,18
118,99.0,117.0,5355,17068.0,14
119,48.0,798.0,14034,8943.0,24
120,54.0,672.0,21141,19272.0,15
121,75.0,549.0,9278,,14
122,30.0,570.0,5431,,13
123,39.0,1232.0,25713,,14
124,48.0,541.0,7246,,11
125,61.0,164.0,3809,,13
126,83.0,1117.0,9873,,23
127,85.0,619.0,18659,,11
128,56.0,319.0,6950,,21
129,78.0,956.0,22087,5577.0,12
130,58.0,1245.0,2125,,17
131,42.0,1397.0,7660,2691.0,12
132,63.0,527.0,5207,,13
133,49.0,213.0,25995,,11
134,72.0,,20206,,18
135,51.0,527.0,22477,7403.0,11
136,,882.0,6812,,13
137,65.0,330.0,24608,8823.0,18
138,,406.0,15596,,12
139,78.0,217.0,23238,,20
140,44.0,481.0,2447,,12
141,97.0,669.0,25755,,20
142,63.0,1465.0,9369,3579.0,21
143,85.0,685.0,23474,17779.0,14
144,96.0,1062.0,17198,,19
145,88.0,1099.0,8751,18213.0,11
146,37.0,177.0,25592,13577.0,15
147,92.0,1199.0,17477,19190.0,14
148,56.0,648.0,21833,,11
149,94.0,412.0,17334,17123.0,13
150,58.0,282.0,6992,19187.0,14
151,84.0,770.0,17588,,11
152,53.0,601.0,12023,10008.0,14
153,54.0,855.0,18706,,11
154,51.0,332.0,9769,7988.0,13
155,81.0,1326.0,15891,,18
156,74.0,748.0,16458,,13
157,93.0,405.0,2721,,24
158,40.0,790.0,7815,,23
159,87.0,1050.0,24456,,20
160,64.0,971.0,12288,7083.0,14
161,87.0,1370.0,16213,4723.0,18
162,46.0,750.0,25348,3407.0,17
163,36.0,880.0,10414,,24
164,35.0,678.0,20338,2929.0,12
165,73.0,1179.0,6069,,17
166,52.0,350.0,22577,,22
167,63.0,1266.0,6060,,13
168,30.0,574.0,16873,,17
169,71.0,189.0,25811,,18
170,37.0,,14811,,12
171,73.0,692.0,26849,,11
172,72.0,310.0,3666,,11
173,60.0,722.0,8828,12031.0,11
174,78.0,1219.0,22021,15427.0,16
175,37.0,994.0,2975,,15
176,58.0,721.0,10781,,23
177,71.0,853.0,11031,,22
178,,427.0,10877,6162.0,22
179,55.0,852.0,15998,5126.0,12
180,64.0,669.0,13596,9619.0,16
181,63.0,1334.0,19760,,12
182,87.0,1093.0,24301,5010.0,16
183,94.0,,11439,,13
184,43.0,967.0,15589,,14
185,56.0,465.0,4609,,12
186,46.0,989.0,6499,19033.0,14
187,65.0,1195.0,20462,,23
188,32.0,1045.0,25812,10400.0,11
189,88.0,829.0,20925,,22
190,47.0,663.0,10056,,14
191,41.0,319.0,2539,2793.0,17
192,62.0,1300.0,24447,,17
193,47.0,1105.0,6927,5674.0,15
194,91.0,906.0,16985,,14
195,81.0,849.0,26707,,17
196,64.0,1275.0,11934,,13
197,52.0,1218.0,8213,19197.0,14
198,41.0,422.0,3854,,11
199,69.0,1398.0,2890,8412.0,11
200,,1274.0,14394,,25
201,70.0,1076.0,3164,3348.0,11
202,74.0,1207.0,3297,,11
203,80.0,430.0,21146,5309.0,15
204,98.0,933.0,11806,,13
205,43.0,1184.0,5860,7654.0,18
206,42.0,,8842,12808.0,16
207,48.0,586.0,21816,,22
208,81.0,890.0,19028,,22
209,48.0,379.0,8891,,14
210,68.0,1425.0,4821,6586.0,17
211,45.0,1188.0,24406,,13
212,79.0,938.0,12287,2519.0,21
213,70.0,1053.0,13829,17099.0,15
214,38.0,722.0,20489,,11
215,42.0,248.0,14039,,15
216,51.0,796.0,15669,,11
217,56.0,174.0,11879,13120.0,17
218,45.0,408.0,11162,,13
219,54.0,,26342,3131.0,13
220,56.0,977.0,9961,,13
221,82.0,536.0,21708,,14
222,46.0,135.0,22534,4444.0,13
223,55.0,1476.0,16392,6674.0,11
224,57.0,587.0,8935,9852.0,19
225,,495.0,26582,17861.0,13
226,98.0,523.0,22455,,13
227,66.0,507.0,23553,,12
228,76.0,1055.0,22456,,21
229,100.0,1445.0,8931,7446.0,11
230,55.0,218.0,25178,13757.0,11
231,39.0,447.0,19764,16598.0,12
232,71.0,829.0,11929,,14
233,91.0,1029.0,21195,,19
234,47.0,674.0,3031,4285.0,17
235,40.0,,18611,10124.0,14
236,66.0,538.0,20933,,12
237,64.0,740.0,5323,9714.0,11
238,80.0,1245.0,12355,9924.0,11
239,41.0,1234.0,20689,11245.0,15
240,76.0,170.0,10302,3069.0,15
241,66.0,1130.0,19332,,12
242,91.0,584.0,18685,,25
243,35.0,918.0,15869,9241.0,12
244,77.0,792.0,8989,6472.0,15
245,88.0,611.0,4349,,14
246,90.0,,6194,3055.0,15
247,90.0,1383.0,25949,8321.0,13
248,90.0,867.0,6076,3143.0,19
249,92.0,,22128,,21
250,40.0,574.0,7003,,13
251,82.0,706.0,19989,8578.0,14
252,36.0,728.0,7018,,21
253,89.0,311.0,18624,4197.0,11
254,93.0,556.0,23888,,13
255,32.0,937.0,6770,9888.0,21
256,48.0,1125.0,5771,,21
257,55.0,1224.0,13586,,11
258,77.0,119.0,25098,13341.0,12
259,92.0,444.0,4258,5677.0,14
260,76.0,911.0,4077,,13
261,98.0,,17231,,18
262,,585.0,19788,,15
263,61.0,,24907,,23
264,56.0,1392.0,23159,2909.0,11
265,79.0,1005.0,11864,,13
266,44.0,,8787,9526.0,21
267,94.0,1299.0,16577,,13
268,48.0,,21173,6825.0,11
269,48.0,655.0,9528,,22
270,61.0,746.0,20682,4424.0,23
271,71.0,632.0,8423,5441.0,22
272,66.0,658.0,22887,6074.0,24
273,92.0,1467.0,22952,,14
274,96.0,1312.0,22310,,25
275,95.0,750.0,15480,6146.0,13
276,76.0,249.0,20739,6172.0,18
277,96.0,802.0,21196,,13
278,61.0,1355.0,8916,,23
279,35.0,689.0,22812,4668.0,17
280,54.0,1395.0,8504,5605.0,11
281,34.0,1436.0,16047,,20
282,41.0,1496.0,26283,4319.0,13
283,30.0,1480.0,15062,,12
284,,,4673,,13
285,98.0,313.0,7192,,18
286,99.0,894.0,11781,,16
287,65.0,290.0,22977,3564.0,12
288,54.0,1084.0,4185,6261.0,18
289,92.0,1002.0,23793,6804.0,15
290,90.0,1242.0,12916,,14
291,57.0,1052.0,16840,,12
292,92.0,944.0,9096,,14
293,39.0,465.0,21509,,20
294,79.0,771.0,21030,,18
295,49.0,1416.0,5949,19436.0,19
296,39.0,1327.0,19682,,18
297,75.0,488.0,14977,,12
298,79.0,1385.0,7501,,14
299,88.0,666.0,10268,,12
300,71.0,1315.0,19100,,18
301,44.0,442.0,20260,,18
302,37.0,147.0,15972,,19
303,48.0,950.0,8450,5828.0,12
304,100.0,218.0,12241,,11
305,33.0,,10675,2455.0,19
306,73.0,691.0,7143,,12
307,74.0,1018.0,10557,5055.0,16
308,46.0,,4317,4682.0,14
309,82.0,559.0,6227,5257.0,11
310,77.0,318.0,4759,2119.0,11
311,56.0,1130.0,3415,,18
312,39.0,144.0,11866,,14
313,51.0,1319.0,17001,5974.0,13
314,57.0,933.0,20156,,17
315,46.0,1171.0,22495,,13
316,56.0,143.0,9558,,18
317,87.0,1178.0,14862,,11
318,95.0,1107.0,26914,3034.0,12
319,86.0,906.0,18256,13212.0,11
320,49.0,645.0,19566,8392.0,16
321,87.0,1485.0,26314,,14
322,49.0,1116.0,7181,,14
323,72.0,1276.0,14295,,12
324,37.0,163.0,19658,4051.0,14
325,61.0,561.0,16177,4805.0,19
326,58.0,426.0,22808,2741.0,11
327,62.0,509.0,2112,,17
328,74.0,258.0,19921,5337.0,12
329,66.0,525.0,6219,,22
330,72.0,,19627,,13
331,34.0,238.0,7507,,20
332,36.0,482.0,9606,9434.0,15
333,88.0,397.0,6729,,15
334,46.0,243.0,7791,,20
335,76.0,806.0,18959,,18
336,46.0,1442.0,17654,,14
337,80.0,408.0,20978,,11
338,55.0,929.0,21703,5396.0,12
339,33.0,827.0,19383,,13
340,,,6009,,11
341,39.0,1018.0,19373,11159.0,15
342,42.0,703.0,11825,4960.0,12
343,32.0,294.0,4809,8793.0,21
344,59.0,314.0,19562,19189.0,12
345,67.0,654.0,3872,2216.0,13
346,63.0,427.0,20335,11713.0,14
347,99.0,501.0,25275,5304.0,23
348,81.0,,20420,11103.0,11
349,46.0,954.0,12388,6632.0,13
350,76.0,1434.0,14229,7587.0,15
351,66.0,657.0,25549,4335.0,12
352,75.0,240.0,26085,5980.0,12
353,38.0,791.0,9931,4244.0,24
354,66.0,570.0,16225,,13
355,35.0,676.0,23361,5228.0,15
356,81.0,,23779,2700.0,24
357,37.0,436.0,21519,,16
358,81.0,760.0,3698,,20
359,88.0,,20898,2366.0,14
360,61.0,661.0,7508,,13
361,57.0,1085.0,17725,,13
362,41.0,154.0,11737,2329.0,15
363,52.0,1283.0,11148,4294.0,12
364,41.0,616.0,17369,,11
365,93.0,498.0,13554,6725.0,12
366,51.0,530.0,5518,10325.0,11
367,57.0,805.0,23163,4447.0,12
368,41.0,903.0,2560,,18
369,84.0,1229.0,25952,,13
370,,566.0,24208,10845.0,13
371,56.0,1441.0,13943,,11
372,73.0,153.0,17802,,12
373,32.0,1066.0,3334,5472.0,12
374,62.0,135.0,12992,6385.0,14
375,95.0,145.0,24920,6347.0,12
376,69.0,1109.0,11135,,12
377,38.0,124.0,23537,7525.0,12
378,74.0,300.0,22217,,14
379,40.0,444.0,17323,,15
380,72.0,1366.0,12355,,12
381,59.0,857.0,7909,3660.0,13
382,86.0,1204.0,10333,,22
383,54.0,827.0,3129,,22
384,32.0,1219.0,4605,,15
385,,770.0,5569,8740.0,14
386,93.0,950.0,8039,,17
387,83.0,1082.0,11535,,11
388,84.0,203.0,13547,,11
389,44.0,1308.0,17544,,14
390,79.0,718.0,17689,,15
391,88.0,593.0,13782,13499.0,17
392,82.0,1384.0,13421,,22
393,44.0,819.0,19588,,18
394,50.0,1223.0,18640,,18
395,94.0,1361.0,21026,,15
396,,1146.0,4905,,12
397,60.0,,6865,,14
398,49.0,853.0,11309,3491.0,13
399,52.0,,10893,5220.0,18
400,38.0,1316.0,2338,,14
401,,363.0,4235,10252.0,21
402,42.0,1103.0,14377,,14
403,96.0,920.0,18625,19740.0,14
404,,694.0,3423,,14
405,67.0,1429.0,20002,,12
406,56.0,531.0,20364,,14
407,73.0,621.0,14075,,11
408,39.0,806.0,17285,,13
409,56.0,604.0,11693,6209.0,15
410,63.0,325.0,5747,7094.0,12
411,64.0,1030.0,21534,,19
412,32.0,524.0,13352,4534.0,11
413,86.0,943.0,5494,8500.0,11
414,31.0,1009.0,19461,,15
415,83.0,607.0,2261,4639.0,16
416,60.0,817.0,10846,5363.0,12
417,85.0,,9277,,17
418,86.0,,17491,,13
419,73.0,930.0,20003,4081.0,14
420,31.0,1147.0,16616,,14
421,100.0,652.0,23577,3578.0,12
422,84.0,337.0,22930,,12
423,54.0,971.0,5652,17328.0,19
424,81.0,1136.0,12414,,13
425,81.0,663.0,23099,,11
426,31.0,326.0,8386,10793.0,18
427,52.0,377.0,15986,,11
428,95.0,1038.0,19863,10851.0,18
429,35.0,1490.0,20948,10466.0,14
430,77.0,1246.0,23757,,14
431,100.0,224.0,7568,2362.0,13
432,39.0,441.0,7288,,13
433,38.0,898.0,17381,,21
434,96.0,,13693,6439.0,14
435,78.0,607.0,14618,,16
436,31.0,1313.0,3549,,14
437,50.0,1015.0,23447,5769.0,14
438,52.0,,24162,4385.0,15
439,42.0,426.0,17000,,13
440,76.0,1387.0,3835,,13
441,,1302.0,16290,4066.0,11
442,59.0,1329.0,5388,,19
443,37.0,602.0,10503,,11
444,77.0,772.0,4973,5206.0,17
445,36.0,809.0,22384,,14
446,95.0,,11740,2655.0,11
447,76.0,786.0,11925,2570.0,20
448,96.0,921.0,14810,,19
449,51.0,530.0,7439,4502.0,15
450,34.0,717.0,9697,,14
451,49.0,1370.0,5151,,16
452,78.0,1312.0,26427,4968.0,16
453,94.0,979.0,3088,,11
454,62.0,1283.0,10697,5147.0,15
455,65.0,953.0,17674,2718.0,14
456,97.0,244.0,5033,3539.0,13
457,91.0,196.0,13402,5468.0,14
458,84.0,303.0,13492,5813.0,18
459,90.0,1180.0,24442,,14
460,64.0,1092.0,2739,9667.0,14
461,66.0,261.0,10842,,22
462,67.0,589.0,19665,5154.0,22
463,92.0,1422.0,19246,5675.0,20
464,64.0,,14011,7314.0,21
465,98.0,1137.0,18991,,11
466,89.0,511.0,26997,,14
467,83.0,1396.0,14842,,13
468,61.0,1096.0,7102,,18
469,42.0,,19255,,12
470,64.0,1169.0,2125,,18
471,39.0,1239.0,22914,,18
472,95.0,157.0,20006,,13
473,44.0,954.0,5099,,14
474,63.0,754.0,21075,,11
475,,1303.0,18079,,20
476,40.0,697.0,26862,,20
477,48.0,1395.0,18698,5098.0,19
478,95.0,501.0,21653,,13
479,52.0,116.0,5340,,13
480,94.0,557.0,12695,,19
481,60.0,582.0,5640,13570.0,23
482,95.0,704.0,8978,6712.0,21
483,100.0,,5982,,11
484,42.0,613.0,21457,9991.0,15
485,53.0,419.0,21293,,11
486,42.0,477.0,2094,10248.0,14
487,98.0,1211.0,20445,,21
488,91.0,857.0,12888,,13
489,64.0,505.0,6420,10938.0,25
490,56.0,269.0,8007,2593.0,11
491,74.0,553.0,23364,11878.0,11
492,62.0,1296.0,18264,8095.0,13
493,56.0,1277.0,24619,,12
494,75.0,302.0,20364,,15
495,73.0,427.0,8861,,15
496,55.0,975.0,23398,,19
497,31.0,621.0,10084,16856.0,11
498,66.0,1318.0,5594,,14
499,35.0,249.0,17783,4537.0,22
500,98.0,881.0,4544,17924.0,11
501,51.0,1137.0,19170,4014.0,25
502,65.0,466.0,7060,12742.0,16
503,82.0,945.0,5083,,13
504,43.0,509.0,18863,3376.0,13
505,91.0,1376.0,2326,10482.0,14
506,35.0,469.0,14399,,17
507,87.0,994.0,15322,,19
508,37.0,433.0,6004,,13
509,44.0,991.0,22957,,12
510,87.0,482.0,2690,4249.0,11
511,96.0,1083.0,3173,6549.0,14
512,32.0,136.0,22074,,13
513,88.0,333.0,24450,14411.0,13
514,60.0,685.0,23037,19586.0,21
515,38.0,1462.0,4658,8237.0,11
516,84.0,722.0,22102,3211.0,14
517,48.0,,17119,16704.0,11
518,74.0,1277.0,5596,,12
519,77.0,1131.0,23844,4774.0,19
520,56.0,300.0,17312,,11
521,63.0,1023.0,13243,,14
522,49.0,153.0,12682,,12
523,72.0,1065.0,10034,4568.0,20
524,51.0,1115.0,2689,5993.0,18
525,95.0,1195.0,22656,6499.0,13
526,83.0,1316.0,9752,3452.0,13
527,60.0,665.0,22673,,19
528,84.0,1479.0,26767,6397.0,20
529,92.0,304.0,20750,,16
530,,1368.0,4386,,11
531,77.0,828.0,8346,,13
532,59.0,799.0,23848,,17
533,69.0,142.0,24666,,13
534,65.0,446.0,15701,,12
535,89.0,691.0,21630,2725.0,11
536,99.0,1246.0,7999,,11
537,83.0,254.0,22794,3622.0,13
538,71.0,1410.0,16673,,20
539,32.0,883.0,22807,6180.0,23
540,60.0,304.0,18686,6274.0,22
541,86.0,121.0,7530,4381.0,11
542,59.0,950.0,18869,,21
543,53.0,1343.0,17852,2559.0,11
544,84.0,827.0,20161,5488.0,13
545,93.0,1107.0,26968,2514.0,22
546,61.0,490.0,17940,,14
547,70.0,1400.0,5829,,20
548,78.0,1179.0,12449,3196.0,12
549,72.0,1117.0,19982,,13
550,80.0,1332.0,17089,,12
551,53.0,583.0,9973,,20
552,74.0,465.0,10205,3420.0,12
553,84.0,1413.0,25470,,14
554,,1200.0,25174,4087.0,14
555,45.0,977.0,25518,,13
556,36.0,530.0,16130,5368.0,25
557,82.0,1093.0,24164,12936.0,11
558,94.0,1102.0,19479,,11
559,84.0,809.0,16479,,13
560,76.0,1328.0,4956,,23
561,66.0,548.0,7346,,17
562,30.0,1214.0,26278,,18
563,,,21698,,11
564,43.0,120.0,8863,4221.0,15
565,46.0,240.0,26959,,11
566,72.0,441.0,4510,4963.0,18
567,46.0,841.0,23300,,19
568,41.0,1033.0,10224,4200.0,22
569,75.0,,23910,,14
570,53.0,1452.0,17053,,15
571,43.0,120.0,12430,,20
572,30.0,1268.0,6319,5006.0,11
573,37.0,,5228,,14
574,35.0,121.0,24525,7639.0,22
575,90.0,,4381,,12
576,58.0,813.0,22149,,13
577,71.0,307.0,11652,,11
578,,228.0,22825,6502.0,14
579,96.0,797.0,15815,,14
580,77.0,555.0,14864,13525.0,14
581,74.0,1377.0,5242,,11
582,73.0,210.0,22107,6349.0,13
583,,483.0,10110,,15
584,98.0,921.0,17663,,20
585,68.0,575.0,6110,6380.0,12
586,97.0,1311.0,23258,,13
587,73.0,575.0,6582,3102.0,22
588,46.0,759.0,22553,,12
589,99.0,891.0,12090,,11
590,83.0,1082.0,19558,,11
591,,319.0,19609,,14
592,92.0,532.0,12932,4556.0,11
593,43.0,317.0,24793,,20
594,46.0,144.0,19225,4230.0,15
595,44.0,688.0,25291,,21
596,80.0,195.0,6698,4859.0,16
597,40.0,622.0,26376,,11
598,92.0,646.0,18089,6322.0,12
599,77.0,719.0,10339,,12
600,,1012.0,2373,,12
601,74.0,930.0,19239,10761.0,12
602,77.0,1278.0,8635,,21
603,48.0,1222.0,14871,,19
604,54.0,1231.0,21222,2973.0,15
605,42.0,1383.0,7790,5204.0,11
606,68.0,462.0,7824,,17
607,62.0,231.0,9977,,11
608,66.0,,6615,17399.0,22
609,66.0,1089.0,11038,,14
610,41.0,1082.0,8392,,11
611,63.0,1240.0,12154,,19
612,35.0,1262.0,16154,16885.0,22
613,70.0,439.0,8770,,15
614,100.0,528.0,7108,4323.0,17
615,45.0,647.0,2253,5155.0,13
616,96.0,1097.0,10826,2936.0,11
617,69.0,942.0,26933,,18
618,99.0,147.0,8429,,13
619,53.0,966.0,9659,,17
620,33.0,168.0,9946,18789.0,14
621,72.0,,12858,,18
622,79.0,1089.0,22845,4883.0,18
623,57.0,299.0,17235,,12
624,92.0,999.0,15891,2029.0,20
625,44.0,1498.0,3567,,12
626,54.0,1439.0,5182,2996.0,15
627,61.0,1111.0,19293,,13
628,71.0,1485.0,3449,,21
629,54.0,258.0,17363,,13
630,99.0,1174.0,20763,9278.0,16
631,,172.0,22604,,16
632,42.0,,15211,4162.0,12
633,86.0,401.0,3708,,17
634,,866.0,23490,,18
635,82.0,1099.0,8192,,11
636,,571.0,24200,,17
637,86.0,676.0,21831,,14
638,97.0,950.0,4585,,20
639,47.0,1342.0,19345,,12
640,87.0,995.0,24483,8853.0,19
641,84.0,118.0,11262,,15
642,87.0,990.0,5855,4876.0,12
643,48.0,241.0,5348,2141.0,12
644,54.0,,14199,7756.0,19
645,71.0,1470.0,9953,3936.0,11
646,66.0,492.0,7693,,21
647,79.0,1040.0,26308,6842.0,20
648,93.0,1320.0,20586,3989.0,11
649,79.0,146.0,13970,4930.0,14
650,30.0,163.0,6670,,20
651,40.0,1153.0,16376,3702.0,11
652,91.0,185.0,9696,2705.0,16
653,47.0,750.0,10748,4448.0,12
654,,1297.0,19826,2379.0,14
655,54.0,337.0,26841,,21
656,43.0,217.0,10410,5487.0,14
657,42.0,1064.0,13738,,15
658,66.0,1351.0,9238,2810.0,22
659,57.0,930.0,12227,8938.0,11
660,73.0,468.0,8489,,14
661,74.0,,3787,9936.0,19
662,82.0,1218.0,6986,,23
663,72.0,1273.0,21923,,12
664,42.0,1141.0,3193,,19
665,75.0,1488.0,4009,5454.0,21
666,50.0,653.0,5456,,11
667,43.0,989.0,16701,18740.0,12
668,57.0,1225.0,24668,5473.0,11
669,78.0,530.0,14115,13503.0,22
670,60.0,1217.0,24001,13549.0,12
671,73.0,,9755,18172.0,19
672,,142.0,13871,,12
673,52.0,1127.0,13257,2774.0,12
674,87.0,1189.0,14506,,12
675,35.0,1427.0,11162,,13
676,75.0,303.0,11314,,18
677,83.0,334.0,23402,9439.0,16
678,,702.0,12930,,22
679,70.0,,21728,,22
680,36.0,926.0,16439,5265.0,16
681,43.0,878.0,5972,3815.0,17
682,52.0,334.0,22967,,15
683,86.0,896.0,14961,2389.0,13
684,56.0,1401.0,20990,,11
685,85.0,675.0,18384,4000.0,12
686,45.0,1070.0,21016,17584.0,16
687,60.0,496.0,22722,,13
688,66.0,1117.0,4488,,21
689,68.0,1476.0,4824,5661.0,19
690,32.0,390.0,17056,,13
691,85.0,1220.0,20938,,12
692,31.0,928.0,16885,4869.0,12
693,57.0,1124.0,13273,,22
694,61.0,746.0,16928,4649.0,14
695,100.0,1046.0,2755,10496.0,15
696,62.0,1448.0,21972,,16
697,53.0,1400.0,16734,,15
698,62.0,1303.0,8416,2768.0,12
699,38.0,587.0,6705,3408.0,13
700,32.0,635.0,15318,,14
701,,267.0,13430,,14
702,48.0,443.0,17872,3755.0,11
703,66.0,703.0,7428,,20
704,55.0,1287.0,14168,,16
705,66.0,798.0,5013,2187.0,12
706,85.0,1420.0,16346,,11
707,50.0,562.0,23452,,14
708,37.0,650.0,4344,,14
709,44.0,141.0,18767,,15
710,41.0,715.0,26589,4258.0,18
711,,,3064,5326.0,17
712,,376.0,22670,5485.0,11
713,82.0,571.0,19905,2782.0,13
714,64.0,691.0,6881,17639.0,16
715,43.0,932.0,4051,6062.0,13
716,45.0,471.0,4284,6288.0,15
717,65.0,180.0,21632,3424.0,13
718,91.0,638.0,22162,,12
719,98.0,141.0,14363,4194.0,18
720,95.0,1265.0,23726,,13
721,57.0,1075.0,22650,,11
722,62.0,1086.0,6054,2532.0,14
723,85.0,152.0,19899,5666.0,13
724,91.0,974.0,11005,,14
725,,853.0,11275,,12
726,94.0,217.0,6881,,15
727,69.0,715.0,21829,13726.0,13
728,90.0,1234.0,5404,,13
729,36.0,788.0,8318,,16
730,35.0,124.0,13848,4107.0,15
731,66.0,921.0,25265,,13
732,59.0,192.0,11141,,16
733,67.0,,19911,,17
734,49.0,477.0,6409,3597.0,22
735,72.0,852.0,2706,,18
736,85.0,1372.0,9489,,13
737,61.0,1329.0,13192,4115.0,19
738,60.0,150.0,17433,,11
739,79.0,,12858,6272.0,16
740,57.0,,20623,,14
741,76.0,1167.0,3208,2517.0,11
742,99.0,206.0,4022,,14
743,66.0,,4297,,17
744,48.0,736.0,24232,,11
745,59.0,322.0,9731,,11
746,36.0,683.0,4050,3904.0,12
747,97.0,1475.0,22710,,20
748,91.0,560.0,20284,,14
749,97.0,,23343,9204.0,12
750,54.0,,17456,4373.0,14
751,51.0,115.0,17485,,11
752,46.0,,15428,2064.0,21
753,97.0,507.0,24812,,14
754,44.0,575.0,24152,,13
755,98.0,,26204,2430.0,23
756,71.0,888.0,14814,,11
757,39.0,580.0,20460,4877.0,21
758,85.0,671.0,26493,,17
759,32.0,567.0,17218,3760.0,13
760,77.0,311.0,10950,2013.0,11
761,42.0,148.0,23826,,22
762,48.0,1395.0,3458,,15
763,31.0,1278.0,7677,,14
764,62.0,581.0,17616,,16
765,43.0,1082.0,25412,2974.0,17
766,80.0,371.0,3840,,13
767,57.0,855.0,8952,2766.0,22
768,94.0,548.0,20520,,20
769,99.0,429.0,11092,,12
770,82.0,1181.0,5531,,11
771,65.0,1253.0,7914,,21
772,99.0,616.0,25605,3377.0,17
773,58.0,370.0,4992,4213.0,15
774,52.0,1194.0,9060,6513.0,17
775,46.0,572.0,9125,,13
776,38.0,355.0,6161,,22
777,64.0,1480.0,24444,,13
778,78.0,783.0,13588,4284.0,22
779,41.0,1354.0,6073,2226.0,11
780,71.0,682.0,15975,5561.0,16
781,49.0,1103.0,2122,2144.0,14
782,89.0,136.0,6225,5373.0,12
783,67.0,155.0,22474,2897.0,11
784,45.0,771.0,14120,,12
785,72.0,508.0,14284,5321.0,11
786,35.0,557.0,11189,5410.0,17
787,76.0,642.0,21412,2782.0,22
788,85.0,1382.0,13684,,22
789,42.0,1037.0,13422,,12
790,94.0,878.0,14255,,12
791,100.0,1120.0,14369,,13
792,50.0,374.0,23333,4850.0,15
793,98.0,1194.0,12549,2001.0,14
794,62.0,287.0,8952,,12
795,46.0,,23679,,13
796,82.0,,10228,4404.0,12
797,40.0,591.0,16632,,12
798,,670.0,15170,,17
799,93.0,1346.0,8758,,11
800,50.0,103.0,12947,,14
801,80.0,334.0,15053,,12
802,45.0,371.0,4306,3944.0,11
803,96.0,673.0,8232,,18
804,83.0,699.0,17102,2960.0,11
805,72.0,,4681,,22
806,83.0,705.0,22822,18947.0,12
807,41.0,1459.0,19121,6465.0,13
808,86.0,,3810,2683.0,14
809,97.0,890.0,9687,2014.0,13
810,50.0,1434.0,11179,3441.0,13
811,47.0,1443.0,21436,,19
812,30.0,1142.0,16002,,15
813,79.0,664.0,5868,,13
814,30.0,397.0,25258,13664.0,13
815,80.0,,10425,5021.0,22
816,94.0,1153.0,17736,,15
817,96.0,432.0,18725,,23
818,33.0,1353.0,17519,,21
819,,489.0,25043,,12
820,63.0,807.0,23648,,22
821,32.0,1420.0,21922,18844.0,21
822,,1280.0,26897,,11
823,72.0,957.0,16090,4739.0,12
824,77.0,809.0,6645,,11
825,71.0,542.0,24788,,11
826,84.0,216.0,2819,,20
827,53.0,1150.0,25150,10650.0,15
828,41.0,,24835,,18
829,32.0,364.0,2302,4317.0,20
830,84.0,201.0,10415,,14
831,80.0,1256.0,11992,,24
832,57.0,691.0,5970,2024.0,18
833,42.0,440.0,6672,,11
834,51.0,1157.0,13364,3058.0,16
835,67.0,713.0,13939,,18
836,75.0,,6319,,12
837,95.0,140.0,6984,3929.0,23
838,95.0,629.0,5711,,15
839,86.0,328.0,3425,,15
840,,1084.0,26250,,11
841,37.0,,15986,4425.0,11
842,60.0,472.0,9679,,19
843,99.0,905.0,16523,,15
844,60.0,1136.0,12392,2328.0,16
845,63.0,1151.0,14242,,14
846,,644.0,12368,,16
847,88.0,1005.0,8556,2657.0,11
848,85.0,992.0,19757,,14
849,52.0,1147.0,17011,5940.0,14
850,47.0,147.0,13248,2622.0,21
851,89.0,1323.0,3300,3212.0,15
852,,818.0,25657,,17
853,62.0,515.0,9571,,14
854,96.0,1431.0,15417,,14
855,100.0,976.0,12069,,18
856,73.0,1327.0,13523,,12
857,63.0,832.0,14776,2911.0,13
858,77.0,1199.0,5118,,17
859,82.0,916.0,23016,,13
860,45.0,1247.0,10732,6931.0,14
861,62.0,685.0,7505,,12
862,84.0,128.0,19737,2176.0,13
863,94.0,1158.0,2613,,23
864,100.0,996.0,10531,3230.0,17
865,80.0,728.0,11677,,18
866,82.0,688.0,18899,,14
867,45.0,1449.0,14180,,13
868,,636.0,25594,18665.0,11
869,84.0,444.0,3909,2789.0,11
870,53.0,889.0,11411,,12
871,86.0,691.0,10077,,12
872,62.0,106.0,17822,6410.0,12
873,32.0,,7747,,18
874,85.0,723.0,17747,4941.0,15
875,84.0,1157.0,24737,,13
876,42.0,1482.0,16375,,11
877,30.0,738.0,7621,3983.0,17
878,61.0,1192.0,23177,6347.0,16
879,83.0,1309.0,16092,2904.0,12
880,52.0,544.0,24017,2696.0,11
881,85.0,641.0,6069,,12
882,99.0,756.0,9150,2174.0,11
883,88.0,593.0,2967,6755.0,11
884,39.0,895.0,2851,,24
885,42.0,408.0,7551,2657.0,16
886,54.0,1283.0,18168,,16
887,82.0,1469.0,17881,,11
888,31.0,1261.0,12066,10965.0,24
889,96.0,329.0,11868,2543.0,13
890,67.0,1362.0,4652,5304.0,13
891,77.0,1371.0,5915,,12
892,,201.0,20490,,16
893,86.0,821.0,8509,19406.0,11
894,72.0,1381.0,12740,6538.0,15
895,61.0,313.0,15238,2258.0,20
896,74.0,1473.0,2227,,14
897,98.0,329.0,16193,2218.0,12
898,91.0,688.0,9396,,13
899,69.0,192.0,9655,2654.0,21
900,,1490.0,10310,,13
901,33.0,296.0,12253,,16
902,90.0,1349.0,3032,,22
903,93.0,986.0,21526,11935.0,18
904,71.0,408.0,18300,2546.0,16
905,51.0,1009.0,2288,17861.0,13
906,94.0,1125.0,11563,,19
907,57.0,413.0,18398,,14
908,43.0,988.0,11533,,15
909,97.0,1474.0,9260,,17
910,99.0,1368.0,9129,3894.0,16
911,34.0,232.0,22645,4262.0,12
912,86.0,1034.0,8984,10527.0,11
913,,1474.0,23914,,12
914,38.0,,5530,2400.0,13
915,54.0,538.0,14004,3681.0,14
916,81.0,622.0,5718,,13
917,40.0,1236.0,17997,,11
918,50.0,1112.0,26894,,11
919,31.0,204.0,2912,,18
920,49.0,1343.0,24444,3447.0,11
921,35.0,1315.0,9358,19513.0,12
922,69.0,,12145,,20
923,71.0,991.0,17759,2659.0,13
924,48.0,913.0,13934,8847.0,11
925,54.0,1115.0,15174,2045.0,13
926,58.0,885.0,8544,,16
927,57.0,810.0,15678,4851.0,22
928,56.0,817.0,18597,8120.0,12
929,65.0,693.0,24785,4577.0,14
930,84.0,1179.0,11924,5405.0,14
931,54.0,316.0,9983,,15
932,49.0,381.0,2104,3708.0,14
933,49.0,217.0,10225,13770.0,12
934,57.0,933.0,20366,,12
935,47.0,775.0,23683,,18
936,86.0,804.0,22929,,20
937,83.0,1090.0,17967,2297.0,14
938,86.0,346.0,10919,2450.0,17
939,79.0,310.0,19630,,18
940,78.0,725.0,21199,,13
941,71.0,575.0,5288,,14
942,72.0,182.0,13551,,16
943,84.0,829.0,24008,4342.0,19
944,72.0,384.0,20317,2572.0,16
945,38.0,921.0,24375,,21
946,93.0,1111.0,13305,6500.0,17
947,82.0,1325.0,21821,3149.0,20
948,69.0,118.0,26507,5324.0,15
949,40.0,1258.0,13301,,13
950,,890.0,16374,4382.0,17
951,36.0,1041.0,25527,,13
952,100.0,702.0,8306,2553.0,16
953,,829.0,2243,,19
954,50.0,625.0,5197,5933.0,12
955,73.0,,9250,4403.0,11
956,78.0,661.0,20715,10934.0,18
957,,,19146,,22
958,62.0,986.0,5044,,24
959,96.0,,16612,2022.0,19
960,87.0,583.0,18154,4256.0,12
961,36.0,1418.0,10554,3580.0,16
962,,1269.0,10778,,17
963,98.0,395.0,12102,2899.0,19
964,48.0,341.0,23522,,19
965,33.0,,21782,5562.0,13
966,98.0,821.0,24252,,14
967,49.0,500.0,22052,,13
968,65.0,1454.0,13137,,18
969,34.0,617.0,10022,,19
970,77.0,995.0,9834,2377.0,18
971,70.0,1122.0,4303,2404.0,21
972,100.0,1198.0,3339,2799.0,11
973,65.0,188.0,23293,,18
974,86.0,1219.0,6179,,16
975,46.0,335.0,10322,,22
976,53.0,461.0,17241,3452.0,18
977,37.0,1134.0,12086,2811.0,14
978,48.0,138.0,11539,,11
979,41.0,1206.0,24117,4377.0,15
980,39.0,622.0,10074,,24
981,60.0,109.0,25725,,17
982,97.0,277.0,13119,4240.0,13
983,42.0,549.0,23371,,14
984,47.0,1055.0,4658,4227.0,18
985,45.0,802.0,9541,3917.0,20
986,79.0,265.0,21813,4969.0,18
987,,1038.0,21437,,19
988,57.0,342.0,15346,2042.0,14
989,44.0,1186.0,2997,2821.0,16
990,40.0,430.0,21445,,17
991,54.0,769.0,17205,,14
992,85.0,1176.0,9096,9957.0,15
993,87.0,1277.0,5869,,19
994,65.0,1091.0,15813,,18
995,34.0,654.0,21214,,15
996,50.0,895.0,22482,2207.0,16
997,45.0,618.0,22266,7756.0,17
998,55.0,1017.0,2993,,20
999,30.0,970.0,13401,,17
1000,70.0,984.0,25326,2070.0,11
1001,67.0,793.0,21981,2791.0,12
1002,54.0,1182.0,18500,,11
1003,95.0,1003.0,15834,,11
1004,77.0,603.0,18385,8224.0,17
1005,72.0,874.0,6233,2610.0,12
1006,52.0,367.0,17171,5731.0,13
1007,55.0,199.0,7950,2539.0,13
1008,,,26537,2376.0,13
1009,92.0,718.0,18575,,13
1010,83.0,1457.0,20100,,19
1011,87.0,805.0,12828,,12
1012,30.0,1421.0,9490,,22
1013,52.0,1450.0,10849,19081.0,11
1014,77.0,116.0,7331,2743.0,20
1015,78.0,1212.0,13755,,11
1016,97.0,1010.0,5598,3760.0,15
1017,45.0,,25308,,20
1018,86.0,131.0,6039,4538.0,12
1019,44.0,791.0,6842,,11
1020,66.0,735.0,6020,,14
1021,52.0,193.0,14222,3867.0,12
1022,84.0,640.0,4732,2080.0,11
1023,40.0,266.0,18830,2096.0,18
1024,88.0,848.0,26076,,12
1025,93.0,,22154,3904.0,13
1026,48.0,1138.0,23631,4627.0,12
1027,43.0,,22422,,11
1028,40.0,256.0,22074,,13
1029,54.0,,8319,2302.0,11
1030,89.0,935.0,14669,,12
1031,74.0,458.0,8532,,16
1032,67.0,882.0,9075,,11
1033,88.0,329.0,6762,,22
1034,82.0,,24439,,16
1035,43.0,793.0,20392,5071.0,20
1036,67.0,662.0,23288,,18
1037,57.0,693.0,15748,,11
1038,98.0,,21057,,15
1039,52.0,541.0,15395,10596.0,11
1040,75.0,1200.0,13953,5467.0,14
1041,36.0,499.0,20497,,13
1042,93.0,1372.0,12477,,11
1043,98.0,,7100,5769.0,11
1044,51.0,,25681,2394.0,13
1045,94.0,1462.0,19106,3629.0,18
1046,60.0,200.0,19944,9362.0,11
1047,81.0,949.0,4910,3229.0,11
1048,73.0,,12761,,14
1049,93.0,182.0,8847,16422.0,11
1050,98.0,329.0,13494,5647.0,13
1051,68.0,383.0,15182,4400.0,12
1052,90.0,1255.0,10494,2066.0,22
1053,90.0,,5561,,12
1054,96.0,1398.0,24609,,18
1055,94.0,523.0,21081,,13
1056,96.0,1221.0,24795,5486.0,11
1057,52.0,1107.0,3072,,15
1058,90.0,981.0,7973,3162.0,14
1059,96.0,1495.0,21534,6651.0,14
1060,49.0,1467.0,21158,3420.0,13
1061,92.0,1496.0,15747,2909.0,15
1062,86.0,1193.0,19719,,18
1063,30.0,1229.0,16143,,16
1064,55.0,467.0,11827,4898.0,14
1065,43.0,271.0,23070,,25
1066,97.0,410.0,4668,3180.0,13
1067,64.0,495.0,21072,11244.0,25
1068,33.0,561.0,4156,,12
1069,72.0,1142.0,8841,4069.0,18
1070,70.0,1157.0,17001,,21
1071,46.0,1242.0,10589,6392.0,13
1072,33.0,1288.0,17799,,12
1073,81.0,903.0,7653,4855.0,11
1074,65.0,1108.0,16530,,12
1075,45.0,1351.0,13008,,17
1076,90.0,437.0,16379,,12
1077,51.0,,4223,,16
1078,45.0,977.0,12826,,16
1079,80.0,1302.0,19711,,13
1080,92.0,653.0,15332,,14
1081,85.0,457.0,10293,,14
1082,35.0,634.0,18783,3312.0,17
1083,54.0,715.0,21602,,13
1084,76.0,559.0,12421,,12
1085,97.0,546.0,26009,3117.0,18
1086,,1176.0,5220,,11
1087,81.0,711.0,3140,,13
1088,84.0,448.0,19948,,15
1089,89.0,365.0,5602,15202.0,25
1090,59.0,763.0,22098,,14
1091,86.0,486.0,22490,,17
1092,87.0,591.0,6297,2580.0,13
1093,,1329.0,3339,2166.0,14
1094,42.0,469.0,23413,,11
1095,42.0,711.0,22792,,12
1096,72.0,301.0,3498,,16
1097,31.0,1141.0,13251,,19
1098,33.0,894.0,15411,4374.0,15
1099,93.0,392.0,3921,5505.0,14
1100,74.0,,24941,2587.0,16
1101,47.0,1225.0,21086,15972.0,14
1102,54.0,727.0,21082,,11
1103,80.0,1351.0,7419,,14
1104,44.0,528.0,4167,,18
1105,94.0,1441.0,23737,,12
1106,99.0,427.0,25103,,21
1107,62.0,390.0,6217,2305.0,15
1108,,585.0,17360,3433.0,13
1109,69.0,741.0,18103,3477.0,14
1110,60.0,552.0,20794,,19
1111,91.0,506.0,3622,3907.0,13
1112,96.0,1456.0,8658,,13
1113,51.0,160.0,12862,,13
1114,59.0,897.0,2097,,14
1115,,600.0,9732,,11
1116,51.0,1003.0,20943,,19
1117,67.0,1054.0,6152,3445.0,11
1118,,428.0,14630,2760.0,13
1119,70.0,461.0,23060,6294.0,12
1120,60.0,661.0,22308,,20
1121,32.0,511.0,25353,,12
1122,53.0,942.0,22984,13116.0,11
1123,46.0,589.0,8800,,14
1124,98.0,849.0,25166,,15
1125,52.0,343.0,24978,,13
1126,85.0,,15530,,12
1127,,1125.0,8277,,14
1128,67.0,1217.0,12719,3591.0,25
1129,77.0,723.0,4244,5405.0,20
1130,87.0,1216.0,21624,,14
1131,56.0,350.0,3157,,15
1132,64.0,207.0,5411,2105.0,12
1133,43.0,280.0,10494,,15
1134,82.0,414.0,26186,,12
1135,41.0,,5141,3902.0,14
1136,98.0,836.0,7975,2662.0,20
1137,59.0,592.0,19384,2062.0,14
1138,44.0,219.0,25388,,11
1139,85.0,967.0,14460,,23
1140,,,10261,2587.0,16
1141,33.0,335.0,16822,5507.0,16
1142,86.0,1079.0,20115,,11
1143,75.0,735.0,16495,8103.0,12
1144,62.0,471.0,16031,3978.0,12
1145,44.0,,14511,5399.0,12
1146,32.0,1251.0,3987,,19
1147,71.0,1206.0,14293,,19
1148,48.0,976.0,3995,,13
1149,66.0,1168.0,5843,10448.0,13
1150,,1444.0,5224,,11
1151,77.0,,25198,4440.0,19
1152,78.0,571.0,13672,,13
1153,57.0,977.0,7298,,19
1154,54.0,1154.0,6393,,19
1155,43.0,1490.0,20232,2660.0,11
1156,63.0,581.0,17624,3375.0,12
1157,49.0,267.0,15919,,13
1158,68.0,234.0,18024,2269.0,14
1159,58.0,501.0,25479,,11
1160,97.0,688.0,9192,,13
1161,36.0,1092.0,26124,4787.0,14
1162,78.0,529.0,11288,,14
1163,52.0,1322.0,2725,2809.0,14
1164,80.0,1199.0,24594,,14
1165,39.0,410.0,16586,10854.0,13
1166,30.0,1167.0,21378,,18
1167,41.0,884.0,12290,2571.0,17
1168,87.0,155.0,5174,6142.0,20
1169,78.0,924.0,6670,2496.0,11
1170,82.0,852.0,13072,3419.0,14
1171,87.0,1082.0,18775,2501.0,17
1172,100.0,,19299,,14
1173,79.0,1450.0,25326,2566.0,15
1174,90.0,134.0,10515,,14
1175,73.0,635.0,7703,,13
1176,83.0,1017.0,18697,3920.0,14
1177,,1311.0,26062,,20
1178,,1302.0,16321,,18
1179,90.0,1091.0,17810,13964.0,12
1180,97.0,755.0,19394,6540.0,19
1181,43.0,253.0,24440,2244.0,13
1182,95.0,922.0,22578,16184.0,19
1183,46.0,1365.0,11512,4233.0,17
1184,100.0,306.0,5630,,14
1185,59.0,970.0,13514,14814.0,19
1186,96.0,970.0,7360,,11
1187,94.0,,5200,17159.0,24
1188,63.0,1169.0,23965,,13
1189,35.0,1271.0,9068,,14
1190,76.0,618.0,17808,2318.0,19
1191,,1469.0,25063,3617.0,14
1192,46.0,625.0,14922,,11
1193,84.0,1404.0,18203,,15
1194,66.0,1391.0,12127,2684.0,17
1195,75.0,216.0,12278,,11
1196,87.0,1333.0,18410,,19
1197,62.0,1464.0,12853,19237.0,11
1198,37.0,1330.0,19373,2377.0,20
1199,39.0,773.0,22088,,14
1200,79.0,1485.0,22955,,11
1201,92.0,902.0,21203,4422.0,13
1202,54.0,645.0,7172,2552.0,25
1203,43.0,654.0,5050,2678.0,17
1204,84.0,107.0,11591,,12
1205,96.0,504.0,6148,,25
1206,48.0,326.0,16490,5171.0,17
1207,95.0,634.0,25927,11916.0,23
1208,55.0,1448.0,14720,9380.0,18
1209,68.0,896.0,8045,,14
1210,96.0,1358.0,2939,,15
1211,57.0,,10036,,14
1212,67.0,824.0,15624,5878.0,12
1213,51.0,329.0,7324,,17
1214,,1313.0,8191,,12
1215,75.0,594.0,15963,2468.0,14
1216,46.0,734.0,14218,,17
1217,93.0,234.0,6208,,17
1218,83.0,766.0,19188,4127.0,18
1219,69.0,920.0,6889,2148.0,11
1220,68.0,431.0,15696,,15
1221,94.0,1213.0,4223,3886.0,21
1222,47.0,238.0,15318,,14
1223,,1146.0,16542,6667.0,18
1224,32.0,1404.0,18779,,12
1225,59.0,1313.0,20439,,12
1226,92.0,1373.0,2396,2090.0,15
1227,81.0,1324.0,9964,,20
1228,67.0,1358.0,13335,,22
1229,96.0,1123.0,7324,,13
1230,96.0,391.0,19281,,14
1231,83.0,125.0,16117,,13
1232,56.0,895.0,3335,2086.0,14
1233,61.0,813.0,3020,,16
1234,75.0,,10910,1951.0,12
1235,33.0,1240.0,19715,,13
1236,48.0,1357.0,10558,,12
1237,73.0,,10227,3022.0,21
1238,36.0,1229.0,4892,,19
1239,98.0,626.0,19294,,13
1240,79.0,1097.0,8302,,13
1241,,836.0,19730,,14
1242,59.0,1339.0,18787,9724.0,17
1243,,318.0,21777,3388.0,17
1244,55.0,132.0,22002,3038.0,12
1245,52.0,193.0,15067,,14
1246,70.0,111.0,18092,,14
1247,62.0,541.0,9518,2322.0,13
1248,71.0,827.0,15178,,13
1249,66.0,871.0,19783,2926.0,18
1250,100.0,1040.0,15850,,14
1251,59.0,,23785,,15
1252,45.0,1031.0,15000,4505.0,15
1253,39.0,922.0,2561,2835.0,22
1254,,528.0,26820,,19
1255,94.0,,6961,,21
1256,79.0,,16102,,14
1257,34.0,1169.0,13983,,17
1258,75.0,1145.0,11873,,20
1259,100.0,602.0,20989,,21
1260,,303.0,9241,,22
1261,50.0,556.0,15497,,13
1262,,1261.0,7259,6553.0,14
1263,70.0,1180.0,11354,6673.0,19
1264,75.0,896.0,14674,13591.0,18
1265,70.0,142.0,8456,2177.0,17
1266,68.0,854.0,24118,19517.0,11
1267,36.0,1411.0,19877,,16
1268,70.0,252.0,15970,19202.0,11
1269,61.0,504.0,22573,10048.0,11
1270,96.0,833.0,23231,2723.0,11
1271,79.0,529.0,14935,,11
1272,78.0,1210.0,3687,6644.0,19
1273,64.0,1463.0,14408,,21
1274,44.0,322.0,19191,5605.0,24
1275,43.0,920.0,19920,3161.0,22
1276,30.0,506.0,26285,,12
1277,54.0,,25233,1420.0,13
1278,81.0,566.0,7122,,18
1279,69.0,812.0,9724,1200.0,12
1280,41.0,1162.0,17778,5238.0,18
1281,43.0,1001.0,9262,9985.0,16
1282,99.0,1309.0,25751,,19
1283,44.0,810.0,15901,15992.0,14
1284,75.0,1062.0,3956,2370.0,13
1285,91.0,530.0,23978,,21
1286,98.0,1332.0,17078,6781.0,23
1287,45.0,845.0,15276,6653.0,15
1288,34.0,350.0,9150,2851.0,13
1289,30.0,1144.0,16044,5258.0,14
1290,90.0,156.0,25422,,15
1291,72.0,202.0,17434,2476.0,18
1292,40.0,464.0,3427,2285.0,23
1293,49.0,1305.0,21123,4197.0,12
1294,78.0,555.0,13436,3448.0,22
1295,79.0,1300.0,13535,4558.0,12
1296,42.0,1490.0,12106,1702.0,23
1297,,489.0,18437,2564.0,12
1298,56.0,210.0,22102,,12
1299,65.0,983.0,7389,5070.0,13
1300,42.0,548.0,23428,3780.0,11
1301,66.0,534.0,22908,9824.0,12
1302,69.0,1306.0,8059,1878.0,14
1303,58.0,1094.0,11373,,15
1304,45.0,775.0,4267,,12
1305,66.0,471.0,23213,2340.0,18
1306,76.0,1495.0,22174,,19
1307,94.0,823.0,9100,2127.0,21
1308,74.0,448.0,14470,2033.0,18
1309,75.0,558.0,3010,9602.0,11
1310,83.0,959.0,11757,,13
1311,50.0,782.0,2671,16627.0,14
1312,,362.0,14561,,17
1313,39.0,1216.0,20431,,12
1314,71.0,160.0,22653,2083.0,20
1315,62.0,,3487,,14
1316,32.0,1362.0,26999,1009.0,11
1317,41.0,727.0,16900,,18
1318,80.0,1225.0,15232,,17
1319,81.0,168.0,15397,7861.0,14
1320,,1396.0,2755,2642.0,11
1321,61.0,1225.0,4761,,11
1322,92.0,268.0,20471,,13
1323,32.0,167.0,4187,5121.0,14
1324,,1243.0,3445,,21
1325,60.0,1092.0,26551,2694.0,11
1326,36.0,805.0,6689,,11
1327,51.0,720.0,11983,5094.0,14
1328,52.0,,20234,,24
1329,95.0,252.0,6153,2274.0,14
1330,50.0,443.0,16571,,11
1331,66.0,342.0,24558,,19
1332,61.0,300.0,9148,2314.0,12
1333,73.0,868.0,22789,,14
1334,32.0,1252.0,4814,,13
1335,87.0,374.0,18016,,24
1336,57.0,781.0,13384,2380.0,14
1337,55.0,177.0,23814,,21
1338,65.0,1427.0,8870,,19
1339,83.0,546.0,6896,2008.0,14
1340,37.0,1272.0,9255,10552.0,13
1341,51.0,,5543,2259.0,17
1342,70.0,1184.0,3974,,20
1343,36.0,867.0,18798,2413.0,18
1344,67.0,658.0,20652,,12
1345,37.0,419.0,9947,2121.0,13
1346,84.0,129.0,13008,,19
1347,42.0,1069.0,12291,,14
1348,51.0,289.0,26227,2479.0,24
1349,100.0,1479.0,17071,13194.0,16
1350,92.0,906.0,11479,,20
1351,83.0,955.0,8571,4163.0,17
1352,73.0,287.0,13493,,15
1353,98.0,1097.0,18275,2600.0,15
1354,90.0,265.0,7770,18303.0,13
1355,64.0,804.0,20165,2380.0,18
1356,61.0,1141.0,14382,4777.0,15
1357,42.0,,4981,,12
1358,81.0,660.0,7858,,14
1359,74.0,1144.0,23384,1052.0,22
1360,,415.0,5268,,13
1361,36.0,1334.0,17258,,13
1362,34.0,1323.0,10332,2461.0,12
1363,88.0,309.0,24223,,14
1364,45.0,1009.0,7160,2596.0,15
1365,81.0,,17251,4728.0,14
1366,40.0,697.0,22478,,17
1367,32.0,130.0,20619,7351.0,16
1368,56.0,188.0,9558,,19
1369,80.0,247.0,13556,,12
1370,46.0,167.0,9051,4766.0,11
1371,58.0,982.0,16340,2258.0,12
1372,76.0,862.0,14947,2827.0,12
1373,48.0,1256.0,4223,2853.0,11
1374,74.0,111.0,4279,2290.0,13
1375,95.0,906.0,20293,2107.0,17
1376,62.0,1184.0,25440,,12
1377,97.0,984.0,3372,2210.0,13
1378,60.0,458.0,23281,13191.0,17
1379,85.0,1098.0,12124,,13
1380,76.0,969.0,16620,,11
1381,82.0,1329.0,4204,,11
1382,76.0,715.0,8733,18265.0,12
1383,89.0,1320.0,21643,,17
1384,57.0,265.0,21221,,12
1385,47.0,373.0,16901,,22
1386,73.0,599.0,8040,1118.0,14
1387,78.0,603.0,5628,2372.0,16
1388,40.0,968.0,4257,2838.0,14
1389,,364.0,13035,18061.0,22
1390,98.0,1291.0,6527,,14
1391,97.0,1124.0,19305,1611.0,15
1392,90.0,703.0,11882,,14
1393,50.0,,16154,,12
1394,34.0,202.0,22262,,12
1395,91.0,1377.0,7679,,14
1396,54.0,592.0,17181,,23
1397,79.0,383.0,9282,4768.0,12
1398,,990.0,7152,1274.0,13
1399,76.0,660.0,16192,2404.0,13
1400,89.0,381.0,16998,,11
1401,78.0,830.0,7103,2033.0,13
1402,,289.0,5355,2561.0,11
1403,72.0,1423.0,12530,1563.0,14
1404,69.0,516.0,22049,6388.0,17
1405,32.0,1089.0,9150,8376.0,18
1406,68.0,1210.0,24052,4841.0,14
1407,91.0,598.0,22376,,18
1408,68.0,992.0,21731,,19
1409,69.0,104.0,26619,2074.0,12
1410,35.0,479.0,22061,2972.0,13
1411,89.0,474.0,11133,,21
1412,73.0,884.0,21447,6815.0,13
1413,59.0,264.0,19519,,16
1414,93.0,1059.0,26362,,22
1415,63.0,1349.0,7713,2690.0,18
1416,56.0,563.0,3156,17567.0,15
1417,70.0,544.0,18420,1569.0,12
1418,43.0,991.0,3356,4187.0,13
1419,67.0,1112.0,22589,,11
1420,80.0,1206.0,11591,,16
1421,87.0,1495.0,26176,3306.0,19
1422,95.0,1259.0,24852,1393.0,12
1423,92.0,,20467,10883.0,20
1424,58.0,240.0,11585,,11
1425,92.0,369.0,5041,,16
1426,33.0,793.0,3811,2862.0,12
1427,87.0,543.0,3536,,11
1428,,964.0,12147,6735.0,15
1429,56.0,176.0,6595,9756.0,21
1430,97.0,181.0,5586,,14
1431,74.0,211.0,10092,,20
1432,70.0,1079.0,19002,,13
1433,91.0,590.0,10007,,13
1434,58.0,305.0,9128,5294.0,16
1435,60.0,833.0,24539,,16
1436,38.0,807.0,15587,2437.0,16
1437,60.0,478.0,19805,,12
1438,31.0,337.0,4567,,13
1439,79.0,1294.0,15999,,17
1440,89.0,1239.0,12832,4071.0,13
1441,95.0,1128.0,5696,,18
1442,33.0,1431.0,8018,,16
1443,89.0,359.0,21495,2956.0,17
1444,73.0,430.0,19573,,22
1445,79.0,1318.0,26075,4648.0,13
1446,93.0,726.0,21143,,17
1447,,1142.0,13624,,13
1448,87.0,352.0,15434,2804.0,11
1449,73.0,,14753,2439.0,24
1450,78.0,1172.0,3692,2856.0,19
1451,89.0,945.0,16019,,13
1452,75.0,391.0,26092,,23
1453,90.0,482.0,14908,2933.0,13
1454,78.0,170.0,9364,,15
1455,45.0,746.0,10642,1091.0,17
1456,84.0,1475.0,23352,,11
1457,89.0,1443.0,20328,,16
1458,87.0,867.0,12315,5151.0,25
1459,72.0,605.0,11761,,13
1460,77.0,419.0,2900,,12
1461,58.0,1337.0,19555,2863.0,12
1462,59.0,1404.0,11473,2858.0,14
1463,56.0,1373.0,10138,,24
1464,59.0,1276.0,17536,1129.0,11
1465,82.0,309.0,19655,,14
1466,83.0,543.0,4060,,19
1467,87.0,105.0,15302,19431.0,13
1468,33.0,638.0,26956,,19
1469,31.0,1146.0,16642,,16
1470,55.0,1440.0,4944,2308.0,25
1471,49.0,1103.0,2122,2144.0,14
1472,89.0,136.0,6225,5373.0,12
1473,94.0,147.0,3465,,12
1474,76.0,119.0,9647,,12
1475,42.0,1413.0,6599,,14
1476,81.0,452.0,18938,19045.0,14
1477,88.0,334.0,15896,16015.0,19
1478,48.0,1132.0,10942,9613.0,17
1479,92.0,,15682,11510.0,14
1480,,982.0,4345,,11
1481,31.0,480.0,4156,4306.0,12
1482,88.0,1099.0,9314,17046.0,15
1483,88.0,1038.0,21437,,19
1484,57.0,342.0,15346,2042.0,14
1485,44.0,1186.0,2997,2821.0,16
1486,40.0,430.0,21445,,17
1487,70.0,984.0,25326,2070.0,11
1488,67.0,793.0,21981,2791.0,12
1489,54.0,1182.0,18500,,11
1490,95.0,1003.0,15834,,11
1491,77.0,603.0,18385,8224.0,17
1492,72.0,874.0,6233,2610.0,12
1493,52.0,367.0,17171,5731.0,13
1494,55.0,199.0,7950,2539.0,13
1495,47.0,,26537,2376.0,13
1496,92.0,718.0,18575,,13
1497,83.0,1457.0,20100,,19
1498,97.0,244.0,5033,3539.0,13
1499,91.0,196.0,13402,5468.0,14
1500,84.0,303.0,13492,5813.0,18
1501,90.0,1180.0,24442,,14
1502,64.0,1092.0,2739,9667.0,14
1503,66.0,261.0,10842,,22
1504,67.0,589.0,19665,5154.0,22
1505,92.0,1422.0,19246,5675.0,20
1506,64.0,,14011,7314.0,21
1507,98.0,1137.0,18991,,11
1508,89.0,511.0,26997,,14
1509,83.0,1396.0,14842,,13
1510,61.0,1096.0,7102,,18
1511,42.0,,19255,,12
1512,86.0,691.0,10077,,12
1513,62.0,106.0,17822,6410.0,12
1514,32.0,,7747,,18
1515,85.0,723.0,17747,4941.0,15
1516,84.0,1157.0,24737,,13
1517,42.0,1482.0,16375,,11
1518,30.0,738.0,7621,3983.0,17
1519,61.0,1192.0,23177,6347.0,16
1520,83.0,1309.0,16092,2904.0,12
1521,52.0,544.0,24017,2696.0,11
1522,85.0,641.0,6069,,12
1523,99.0,756.0,9150,2174.0,11
1524,88.0,593.0,2967,6755.0,11
1525,39.0,895.0,2851,,24
1526,42.0,408.0,7551,2657.0,16
1527,54.0,1283.0,18168,,16
1528,82.0,1469.0,17881,,11
1529,31.0,1261.0,12066,10965.0,24
1530,96.0,329.0,11868,2543.0,13
1531,67.0,1362.0,4652,5304.0,13
1532,77.0,1371.0,5915,,12
1533,95.0,201.0,20490,,16
1534,86.0,821.0,8509,19406.0,11
1535,72.0,1381.0,12740,6538.0,15
1536,61.0,313.0,15238,2258.0,20
1537,74.0,1473.0,2227,,14
1538,98.0,329.0,16193,2218.0,12
1539,91.0,688.0,9396,,13
1540,69.0,192.0,9655,2654.0,21
1541,79.0,1385.0,7501,,14
1542,88.0,666.0,10268,,12
1543,71.0,1315.0,19100,,18
1544,44.0,442.0,20260,,18
1545,37.0,147.0,15972,,19
1546,48.0,950.0,8450,5828.0,12
1547,100.0,218.0,12241,,11
1548,33.0,,10675,2455.0,19
1549,73.0,691.0,7143,,12
1550,74.0,1018.0,10557,5055.0,16
1551,46.0,,4317,4682.0,14
1552,82.0,559.0,6227,5257.0,11
1553,77.0,318.0,4759,2119.0,11
1554,56.0,1130.0,3415,,18
1555,39.0,144.0,11866,,14
1556,51.0,1319.0,17001,5974.0,13
1557,57.0,933.0,20156,,17
1558,46.0,1171.0,22495,,13
1559,56.0,143.0,9558,,18
1560,87.0,1178.0,14862,,11
1561,95.0,1107.0,26914,3034.0,12
1562,86.0,906.0,18256,13212.0,11
1563,49.0,645.0,19566,8392.0,16
1564,87.0,1485.0,26314,,14
1565,49.0,1116.0,7181,,14
1566,,1276.0,14295,,12
1567,37.0,163.0,19658,4051.0,14
1568,61.0,561.0,16177,4805.0,19
1569,58.0,426.0,22808,2741.0,11
1570,62.0,509.0,2112,,17
1571,74.0,258.0,19921,5337.0,12
1572,66.0,525.0,6219,,22
1573,72.0,,19627,,13
1574,34.0,238.0,7507,,20
1575,36.0,482.0,9606,9434.0,15
1576,88.0,397.0,6729,,15
1577,46.0,243.0,7791,,20
1578,,806.0,18959,,18
1579,46.0,1442.0,17654,,14
1580,80.0,408.0,20978,,11
1581,55.0,929.0,21703,5396.0,12
1582,33.0,827.0,19383,,13
1583,68.0,,6009,,11
1584,39.0,1018.0,19373,11159.0,15
1585,42.0,703.0,11825,4960.0,12
1586,32.0,294.0,4809,8793.0,21
1587,59.0,314.0,19562,19189.0,12
1588,67.0,654.0,3872,2216.0,13
1589,63.0,427.0,20335,11713.0,14
1590,99.0,501.0,25275,5304.0,23
1591,81.0,,20420,11103.0,11
1592,46.0,954.0,12388,6632.0,13
1593,76.0,1434.0,14229,7587.0,15
1594,66.0,657.0,25549,4335.0,12
1595,75.0,240.0,26085,5980.0,12
1596,38.0,791.0,9931,4244.0,24
1597,66.0,570.0,16225,,13
1598,35.0,676.0,23361,5228.0,15
1599,81.0,,23779,2700.0,24
1600,37.0,436.0,21519,,16
1601,81.0,760.0,3698,,20
1602,88.0,,20898,2366.0,14
1603,61.0,661.0,7508,,13
1604,,1085.0,17725,,13
1605,,154.0,11737,2329.0,15
1606,52.0,1283.0,11148,4294.0,12
1607,41.0,616.0,17369,,11
1608,93.0,498.0,13554,6725.0,12
1609,51.0,530.0,5518,10325.0,11
1610,57.0,805.0,23163,4447.0,12
1611,41.0,903.0,2560,,18
1612,84.0,1229.0,25952,,13
1613,75.0,566.0,24208,10845.0,13
