,environment_satisfaction,relationship_satisfaction,job_satisfaction,job_involvement,work_life_balance,performance_rating
0,1,3,3,3,3.0,3.0
1,3,1,3,2,3.0,3.0
2,3,4,4,3,3.0,3.0
3,1,2,3,3,3.0,3.0
4,1,4,1,4,3.0,3.0
5,4,2,4,3,3.0,3.0
6,1,4,1,3,2.0,3.0
7,2,3,3,3,3.0,4.0
8,2,2,1,3,3.0,3.0
9,1,2,3,3,4.0,3.0
10,2,2,3,1,3.0,4.0
11,4,1,2,3,3.0,
12,2,1,3,1,3.0,3.0
13,2,4,3,3,3.0,3.0
14,3,4,2,4,3.0,3.0
15,3,4,3,3,3.0,3.0
16,4,4,2,3,3.0,3.0
17,3,1,1,3,3.0,4.0
18,2,4,1,4,3.0,3.0
19,1,4,3,2,3.0,3.0
20,3,4,3,2,2.0,4.0
21,1,3,4,3,3.0,3.0
22,3,2,3,3,3.0,
23,3,3,4,3,2.0,3.0
24,4,4,4,3,3.0,3.0
25,4,2,3,2,3.0,4.0
26,1,4,4,1,3.0,3.0
27,3,4,2,3,3.0,3.0
28,2,2,3,3,3.0,3.0
29,4,3,3,3,3.0,3.0
30,3,4,3,3,4.0,3.0
31,1,2,3,3,3.0,4.0
32,3,4,3,3,2.0,3.0
33,3,2,1,2,3.0,
34,1,3,3,3,3.0,3.0
35,2,3,1,3,3.0,4.0
36,4,3,4,3,3.0,4.0
37,4,3,4,3,3.0,3.0
38,3,4,1,2,4.0,3.0
39,4,3,1,2,3.0,4.0
40,3,3,3,2,3.0,3.0
41,3,3,1,3,3.0,
42,3,3,3,3,4.0,3.0
43,3,3,1,4,3.0,3.0
44,4,1,1,2,3.0,4.0
45,4,1,2,3,3.0,3.0
46,1,3,1,2,2.0,4.0
47,3,4,4,3,4.0,3.0
48,4,2,4,3,3.0,3.0
49,3,4,2,2,3.0,3.0
50,4,2,1,3,3.0,3.0
51,3,4,2,3,4.0,3.0
52,4,3,1,2,3.0,3.0
53,1,4,3,2,3.0,3.0
54,3,1,3,3,2.0,
55,4,1,4,1,2.0,4.0
56,2,4,4,1,3.0,3.0
57,3,3,1,3,2.0,3.0
58,4,3,3,2,4.0,3.0
59,3,1,4,2,2.0,
60,4,4,2,3,4.0,3.0
61,2,1,3,3,3.0,3.0
62,2,2,4,1,3.0,3.0
63,3,3,4,3,1.0,4.0
64,4,4,3,3,3.0,3.0
65,3,2,3,2,3.0,
66,4,3,4,4,3.0,3.0
67,4,2,4,3,3.0,4.0
68,2,2,3,4,3.0,4.0
69,3,4,4,3,4.0,3.0
70,3,4,3,3,3.0,3.0
71,4,3,1,2,3.0,3.0
72,3,2,3,2,3.0,3.0
73,4,4,4,3,3.0,3.0
74,2,4,2,4,3.0,3.0
75,3,3,2,2,3.0,
76,4,3,2,2,3.0,3.0
77,3,1,4,4,3.0,4.0
78,3,1,4,2,3.0,
79,4,3,3,3,2.0,3.0
80,3,4,1,2,3.0,3.0
81,4,4,4,3,2.0,3.0
82,1,3,3,3,2.0,3.0
83,2,4,4,3,3.0,3.0
84,4,3,1,3,3.0,3.0
85,4,2,2,3,3.0,3.0
86,3,1,4,4,2.0,
87,3,2,4,2,3.0,3.0
88,1,3,2,2,3.0,3.0
89,2,2,1,3,1.0,3.0
90,2,2,3,2,3.0,3.0
91,4,1,2,2,3.0,
92,3,3,3,4,3.0,3.0
93,3,3,3,3,2.0,
94,1,4,4,3,3.0,4.0
95,2,4,3,2,3.0,3.0
96,1,2,4,3,3.0,3.0
97,3,3,2,3,2.0,3.0
98,1,1,2,1,3.0,3.0
99,2,1,2,3,2.0,
100,2,2,3,3,3.0,4.0
101,3,1,3,2,3.0,4.0
102,2,3,4,2,3.0,3.0
103,1,4,2,3,3.0,3.0
104,4,4,2,2,3.0,3.0
105,3,2,4,2,3.0,3.0
106,3,3,4,3,3.0,3.0
107,2,3,1,4,3.0,3.0
108,3,3,1,2,2.0,3.0
109,3,4,4,3,1.0,3.0
110,2,3,2,3,3.0,3.0
111,2,3,4,3,3.0,3.0
112,3,3,1,3,3.0,
113,4,3,3,2,2.0,3.0
114,2,4,2,2,1.0,3.0
115,3,2,1,2,3.0,3.0
116,3,3,2,3,2.0,3.0
117,1,1,1,3,3.0,3.0
118,3,4,1,3,3.0,
119,3,1,3,2,3.0,4.0
120,3,1,4,2,3.0,3.0
121,4,1,4,3,3.0,3.0
122,4,3,3,2,3.0,3.0
123,3,3,4,3,2.0,3.0
124,1,1,4,2,3.0,3.0
125,2,2,3,2,3.0,3.0
126,1,4,2,3,3.0,4.0
127,2,3,3,3,3.0,3.0
128,4,4,1,3,2.0,4.0
129,4,2,1,3,3.0,
130,4,3,3,2,3.0,3.0
131,2,4,4,3,2.0,3.0
132,4,3,4,3,2.0,3.0
133,3,4,3,3,4.0,3.0
134,4,3,4,3,3.0,3.0
135,1,3,2,3,2.0,3.0
136,2,2,4,3,3.0,3.0
137,3,1,3,2,2.0,3.0
138,1,4,3,3,3.0,3.0
139,1,1,4,3,3.0,4.0
140,1,2,1,3,2.0,
141,4,3,1,2,3.0,4.0
142,4,1,2,3,3.0,4.0
143,4,1,4,3,3.0,3.0
144,3,2,1,2,3.0,
145,2,3,2,3,3.0,3.0
146,4,4,2,2,3.0,3.0
147,3,4,1,4,2.0,3.0
148,3,4,2,2,4.0,3.0
149,3,4,2,2,3.0,3.0
150,4,4,3,1,3.0,
151,3,2,2,3,3.0,3.0
152,1,4,1,2,2.0,3.0
153,4,3,4,3,3.0,3.0
154,2,1,1,2,2.0,3.0
155,4,4,1,1,3.0,
156,1,3,4,3,3.0,3.0
157,2,1,3,4,2.0,4.0
158,1,3,2,2,4.0,4.0
159,2,1,4,3,3.0,
160,4,4,3,2,3.0,3.0
161,2,4,1,3,3.0,3.0
162,2,4,3,4,2.0,
163,4,1,4,3,4.0,4.0
164,2,2,4,2,3.0,3.0
165,4,1,4,3,3.0,3.0
166,2,4,2,3,2.0,4.0
167,1,1,3,2,3.0,3.0
168,1,2,3,3,3.0,3.0
169,3,1,2,4,3.0,3.0
170,4,4,3,2,3.0,3.0
171,4,1,3,3,4.0,
172,4,4,3,3,1.0,3.0
173,3,1,4,2,2.0,3.0
174,1,3,4,2,3.0,3.0
175,4,4,3,3,3.0,3.0
176,3,4,4,3,3.0,4.0
177,2,4,1,3,2.0,4.0
178,1,2,4,3,3.0,4.0
179,4,3,4,2,3.0,3.0
180,3,4,4,2,3.0,3.0
181,3,2,2,2,2.0,3.0
182,2,1,3,3,3.0,3.0
183,3,1,2,3,3.0,3.0
184,2,4,4,3,3.0,3.0
185,1,1,3,3,3.0,3.0
186,4,2,3,3,3.0,3.0
187,1,4,4,2,3.0,4.0
188,4,3,4,1,2.0,3.0
189,3,3,3,2,3.0,4.0
190,2,3,4,3,3.0,3.0
191,1,3,4,3,3.0,3.0
192,1,1,4,3,3.0,3.0
193,2,3,2,3,3.0,3.0
194,4,3,3,2,2.0,3.0
195,1,3,2,2,3.0,3.0
196,4,4,4,3,3.0,3.0
197,2,3,3,3,3.0,3.0
198,1,4,1,3,1.0,3.0
199,3,3,1,3,3.0,3.0
200,3,4,2,3,4.0,4.0
201,1,1,1,3,3.0,3.0
202,4,3,3,4,3.0,
203,1,4,4,3,3.0,
204,2,4,2,3,2.0,3.0
205,3,1,4,3,4.0,3.0
206,3,2,4,2,3.0,3.0
207,1,1,1,4,3.0,
208,3,3,4,2,3.0,4.0
209,2,4,2,3,3.0,3.0
210,3,1,4,3,2.0,3.0
211,4,4,3,3,2.0,3.0
212,3,3,3,3,3.0,4.0
213,4,2,4,3,3.0,3.0
214,4,4,3,3,3.0,3.0
215,4,3,1,3,3.0,3.0
216,4,2,4,2,2.0,3.0
217,4,2,2,2,3.0,3.0
218,4,1,1,2,1.0,
219,2,1,4,3,3.0,3.0
220,4,2,4,2,2.0,3.0
221,4,4,3,4,3.0,3.0
222,3,3,2,3,4.0,3.0
223,3,1,4,1,3.0,3.0
224,4,1,3,3,2.0,3.0
225,3,4,3,3,2.0,
226,3,3,4,3,3.0,3.0
227,3,4,1,3,4.0,3.0
228,4,3,1,3,3.0,4.0
229,3,1,2,4,3.0,3.0
230,4,3,2,2,3.0,3.0
231,4,2,2,4,2.0,3.0
232,2,4,1,3,2.0,3.0
233,4,4,2,2,1.0,3.0
234,1,1,4,3,3.0,3.0
235,4,3,4,3,1.0,3.0
236,1,1,2,3,3.0,3.0
237,2,4,1,2,3.0,3.0
238,3,4,2,3,3.0,3.0
239,2,3,3,3,3.0,3.0
240,3,4,3,2,3.0,3.0
241,4,3,2,3,3.0,3.0
242,2,3,3,3,3.0,4.0
243,4,2,3,3,3.0,3.0
244,4,4,4,3,3.0,3.0
245,2,2,2,3,2.0,3.0
246,4,4,2,3,2.0,
247,4,4,1,3,3.0,3.0
248,4,2,1,4,3.0,3.0
249,2,3,3,4,3.0,4.0
250,4,2,4,3,4.0,
251,4,3,4,3,2.0,3.0
252,2,4,3,2,3.0,4.0
253,2,1,3,3,3.0,3.0
254,2,4,4,2,2.0,
255,1,1,4,3,2.0,4.0
256,4,2,1,1,3.0,
257,3,4,4,3,3.0,3.0
258,2,1,1,3,3.0,3.0
259,2,3,2,3,3.0,3.0
260,4,3,2,3,2.0,3.0
261,3,1,2,3,1.0,3.0
262,1,2,4,3,3.0,3.0
263,3,4,2,2,3.0,4.0
264,1,3,3,3,3.0,3.0
265,4,3,4,3,2.0,3.0
266,4,2,3,2,3.0,4.0
267,3,2,3,3,2.0,3.0
268,3,4,2,3,3.0,
269,4,4,4,3,2.0,4.0
270,3,4,4,3,3.0,4.0
271,3,4,4,3,1.0,4.0
272,1,4,3,1,3.0,4.0
273,2,3,4,3,3.0,3.0
274,1,3,3,1,2.0,4.0
275,1,1,2,3,4.0,3.0
276,2,2,3,1,2.0,3.0
277,3,3,3,3,3.0,3.0
278,3,4,3,3,3.0,4.0
279,4,4,4,1,4.0,3.0
280,2,1,2,3,3.0,3.0
281,2,4,3,3,1.0,4.0
282,4,1,3,3,3.0,3.0
283,4,3,2,3,2.0,
284,4,4,2,3,3.0,3.0
285,4,3,2,3,3.0,3.0
286,4,4,2,3,2.0,3.0
287,2,1,1,4,2.0,3.0
288,4,1,4,3,1.0,3.0
289,4,1,4,3,3.0,3.0
290,4,4,3,3,3.0,3.0
291,4,4,4,2,3.0,3.0
292,3,1,3,3,4.0,3.0
293,1,1,1,3,4.0,
294,1,4,3,2,4.0,3.0
295,1,4,3,3,3.0,3.0
296,4,4,4,2,3.0,3.0
297,2,2,2,1,2.0,3.0
298,3,2,4,3,3.0,3.0
299,1,4,2,3,2.0,3.0
300,2,2,2,4,2.0,
301,2,1,4,3,3.0,3.0
302,2,4,4,3,3.0,
303,4,2,4,2,3.0,3.0
304,2,2,4,4,2.0,3.0
305,3,1,4,3,3.0,3.0
306,4,4,4,3,3.0,3.0
307,1,3,4,4,2.0,3.0
308,2,3,4,2,2.0,3.0
309,3,2,3,2,4.0,
310,2,4,1,1,2.0,3.0
311,2,1,2,3,3.0,3.0
312,4,1,2,2,3.0,3.0
313,3,1,1,4,3.0,3.0
314,3,2,3,3,3.0,3.0
315,4,3,3,4,3.0,3.0
316,1,3,2,3,3.0,3.0
317,3,3,4,3,2.0,3.0
318,4,3,1,3,2.0,3.0
319,3,4,1,4,2.0,3.0
320,2,3,1,4,3.0,3.0
321,3,3,3,3,2.0,3.0
322,3,3,4,3,2.0,3.0
323,4,3,3,3,3.0,3.0
324,2,1,4,3,3.0,3.0
325,4,2,2,3,4.0,3.0
326,2,2,3,3,3.0,3.0
327,1,1,3,2,3.0,3.0
328,4,4,4,4,3.0,3.0
329,1,4,4,4,4.0,4.0
330,4,2,3,3,3.0,3.0
331,4,4,1,3,4.0,4.0
332,3,3,3,3,3.0,
333,3,3,2,3,4.0,
334,4,1,4,2,3.0,
335,2,4,4,1,3.0,3.0
336,4,2,2,2,4.0,3.0
337,4,1,3,2,3.0,3.0
338,4,4,4,3,2.0,3.0
339,2,3,4,4,3.0,3.0
340,3,4,1,3,3.0,3.0
341,3,4,4,3,3.0,3.0
342,4,4,1,3,3.0,3.0
343,4,3,1,3,2.0,4.0
344,4,2,3,2,3.0,
345,3,4,2,1,3.0,3.0
346,1,1,1,4,3.0,3.0
347,3,4,4,3,2.0,
348,3,3,4,3,2.0,3.0
349,2,1,3,1,3.0,3.0
350,1,2,1,2,3.0,3.0
351,2,1,3,3,2.0,3.0
352,1,4,1,4,3.0,3.0
353,1,4,2,4,3.0,4.0
354,2,2,4,3,2.0,3.0
355,3,1,2,3,3.0,3.0
356,3,3,3,4,3.0,4.0
357,3,3,4,3,2.0,3.0
358,2,1,2,3,3.0,4.0
359,3,1,3,2,3.0,3.0
360,2,4,1,3,3.0,3.0
361,2,3,4,1,2.0,3.0
362,2,2,3,2,4.0,
363,2,2,1,2,3.0,3.0
364,4,3,4,3,1.0,3.0
365,3,3,1,3,4.0,3.0
366,3,1,4,2,3.0,
367,4,2,2,3,2.0,3.0
368,1,4,3,4,3.0,3.0
369,1,4,4,3,3.0,
370,4,2,3,3,3.0,3.0
371,3,3,3,3,3.0,
372,2,3,1,4,2.0,3.0
373,4,2,4,4,3.0,3.0
374,3,4,2,3,3.0,3.0
375,4,1,3,3,3.0,3.0
376,4,2,3,3,3.0,3.0
377,3,1,2,2,3.0,3.0
378,3,2,1,3,2.0,3.0
379,3,2,1,2,4.0,3.0
380,2,1,1,2,2.0,3.0
381,3,4,3,3,4.0,3.0
382,4,1,1,3,3.0,4.0
383,3,2,3,2,3.0,4.0
384,4,2,4,3,4.0,
385,3,2,3,2,3.0,3.0
386,1,2,2,3,2.0,3.0
387,3,3,1,3,3.0,3.0
388,1,4,4,3,3.0,3.0
389,3,1,3,2,3.0,
390,2,3,4,2,2.0,3.0
391,2,3,3,3,2.0,3.0
392,1,2,4,4,3.0,4.0
393,3,2,2,2,4.0,3.0
394,4,2,3,3,3.0,3.0
395,3,4,1,3,3.0,3.0
396,2,1,3,3,2.0,3.0
397,3,3,3,1,3.0,3.0
398,3,1,3,3,2.0,
399,2,2,4,4,3.0,3.0
400,4,4,3,3,3.0,3.0
401,3,3,1,1,3.0,4.0
402,1,4,1,3,2.0,3.0
403,3,2,4,1,3.0,3.0
404,4,2,4,2,2.0,3.0
405,2,4,4,3,2.0,3.0
406,4,4,4,2,4.0,3.0
407,1,4,4,3,3.0,3.0
408,2,1,3,3,3.0,3.0
409,3,3,4,4,4.0,3.0
410,4,1,3,3,3.0,3.0
411,2,3,2,3,2.0,3.0
412,1,1,3,3,3.0,3.0
413,4,4,4,3,2.0,
414,2,4,1,3,3.0,3.0
415,1,4,1,4,2.0,3.0
416,4,2,4,2,3.0,3.0
417,1,3,3,4,2.0,3.0
418,2,1,3,3,3.0,3.0
419,1,1,3,2,1.0,3.0
420,3,3,1,3,3.0,3.0
421,3,4,1,4,3.0,3.0
422,3,1,4,3,3.0,3.0
423,4,4,4,3,2.0,3.0
424,2,4,4,4,4.0,3.0
425,3,3,3,3,3.0,3.0
426,1,1,4,3,3.0,
427,1,1,4,3,4.0,3.0
428,2,2,1,1,3.0,3.0
429,3,2,2,3,3.0,3.0
430,3,3,3,2,3.0,3.0
431,1,3,1,2,1.0,3.0
432,3,3,1,1,3.0,3.0
433,3,4,4,3,3.0,4.0
434,3,3,3,3,3.0,3.0
435,3,2,4,2,3.0,3.0
436,2,4,4,3,2.0,
437,3,1,1,1,3.0,3.0
438,1,1,1,2,3.0,
439,3,1,4,4,3.0,3.0
440,2,4,1,3,3.0,3.0
441,3,1,1,2,3.0,3.0
442,4,1,4,2,3.0,3.0
443,1,3,4,3,3.0,3.0
444,4,3,3,4,3.0,3.0
445,3,1,3,3,3.0,3.0
446,4,3,3,3,3.0,
447,4,3,4,3,3.0,4.0
448,3,2,4,4,3.0,
449,3,3,4,3,2.0,
450,3,4,2,3,3.0,3.0
451,4,2,3,3,3.0,3.0
452,4,4,1,2,3.0,3.0
453,3,1,1,2,3.0,3.0
454,4,4,2,3,2.0,3.0
455,2,2,2,3,3.0,3.0
456,2,2,4,3,3.0,3.0
457,1,1,4,2,3.0,3.0
458,3,4,4,3,3.0,3.0
459,2,3,4,3,3.0,3.0
460,1,2,3,3,3.0,3.0
461,4,4,2,3,4.0,4.0
462,3,2,3,3,4.0,4.0
463,1,3,4,3,3.0,4.0
464,3,3,2,3,3.0,4.0
465,1,1,1,3,3.0,3.0
466,1,2,3,4,2.0,3.0
467,3,2,1,3,4.0,3.0
468,3,1,4,4,3.0,3.0
469,3,3,4,2,3.0,3.0
470,3,3,2,3,4.0,3.0
471,4,3,3,3,2.0,3.0
472,3,4,1,3,3.0,3.0
473,4,1,4,3,3.0,3.0
474,1,3,4,3,3.0,3.0
475,4,3,3,3,3.0,
476,3,3,3,3,4.0,4.0
477,2,2,3,3,3.0,3.0
478,2,1,4,3,3.0,
479,1,1,4,3,3.0,
480,4,3,4,2,3.0,3.0
481,1,3,2,2,3.0,
482,4,4,3,2,3.0,4.0
483,1,3,4,3,3.0,3.0
484,4,1,1,2,3.0,3.0
485,1,3,2,3,3.0,
486,1,4,4,2,3.0,
487,1,3,4,3,3.0,
488,4,2,1,2,2.0,3.0
489,3,4,3,3,3.0,4.0
490,4,3,1,2,3.0,3.0
491,4,2,2,3,3.0,
492,3,4,2,3,3.0,3.0
493,2,4,3,3,4.0,3.0
494,2,3,3,3,3.0,3.0
495,2,2,4,2,2.0,3.0
496,4,1,1,2,1.0,3.0
497,3,1,1,2,4.0,3.0
498,1,3,3,3,2.0,3.0
499,3,1,4,3,3.0,4.0
500,1,4,1,3,3.0,3.0
501,4,4,4,3,1.0,4.0
502,4,3,4,2,3.0,3.0
503,4,3,1,3,3.0,3.0
504,2,3,3,4,3.0,3.0
505,2,4,1,2,3.0,
506,4,4,1,3,3.0,3.0
507,2,4,2,3,3.0,3.0
508,3,4,3,4,4.0,3.0
509,4,3,1,3,4.0,3.0
510,3,2,3,3,3.0,3.0
511,3,2,2,1,2.0,
512,4,3,1,3,4.0,3.0
513,3,4,4,1,3.0,3.0
514,3,3,4,2,3.0,4.0
515,4,1,3,4,3.0,3.0
516,1,4,1,3,2.0,3.0
517,4,3,2,2,3.0,
518,3,2,4,3,2.0,3.0
519,4,4,1,2,3.0,3.0
520,1,1,3,3,2.0,3.0
521,4,4,2,2,2.0,3.0
522,4,4,3,2,3.0,3.0
523,1,3,3,3,3.0,4.0
524,1,3,3,2,3.0,3.0
525,2,3,2,2,3.0,3.0
526,3,2,4,3,2.0,3.0
527,3,1,4,3,3.0,3.0
528,3,1,2,3,1.0,4.0
529,2,4,4,3,3.0,3.0
530,4,4,4,2,4.0,3.0
531,2,3,4,3,4.0,3.0
532,4,4,4,3,4.0,3.0
533,1,4,2,3,3.0,3.0
534,2,2,2,3,2.0,3.0
535,2,2,4,4,3.0,3.0
536,1,3,2,3,3.0,3.0
537,2,4,4,2,3.0,3.0
538,4,2,4,4,3.0,
539,4,2,4,3,2.0,4.0
540,4,3,4,3,3.0,4.0
541,3,3,1,2,3.0,
542,3,2,3,3,4.0,4.0
543,1,4,1,2,2.0,3.0
544,3,1,2,4,3.0,3.0
545,3,1,4,3,3.0,4.0
546,4,4,2,3,2.0,3.0
547,2,1,3,3,2.0,4.0
548,4,3,1,2,3.0,3.0
549,1,4,4,4,3.0,3.0
550,3,4,1,3,2.0,
551,3,2,4,3,2.0,4.0
552,1,3,4,3,2.0,3.0
553,3,1,3,4,1.0,3.0
554,4,2,1,3,2.0,3.0
555,4,3,2,3,2.0,3.0
556,3,3,4,3,3.0,4.0
557,3,3,3,1,1.0,
558,2,1,4,3,1.0,3.0
559,1,3,2,4,3.0,3.0
560,3,4,2,3,3.0,4.0
561,2,2,2,3,3.0,3.0
562,2,1,3,2,3.0,3.0
563,4,1,4,1,2.0,3.0
564,2,2,3,3,4.0,3.0
565,3,4,3,2,3.0,3.0
566,2,1,2,3,3.0,3.0
567,3,3,2,2,2.0,3.0
568,1,1,1,3,4.0,4.0
569,1,3,3,3,2.0,3.0
570,3,2,2,3,3.0,3.0
571,3,1,3,3,3.0,4.0
572,3,1,1,3,4.0,3.0
573,4,4,4,4,4.0,3.0
574,2,4,4,3,2.0,4.0
575,3,4,3,1,3.0,3.0
576,3,3,4,3,1.0,3.0
577,3,2,2,2,4.0,3.0
578,3,2,4,3,4.0,3.0
579,1,1,2,3,2.0,3.0
580,3,4,2,3,3.0,3.0
581,4,1,3,3,3.0,3.0
582,3,4,2,3,3.0,3.0
583,4,4,2,2,3.0,3.0
584,3,2,1,3,3.0,4.0
585,2,1,3,2,3.0,3.0
586,3,3,4,3,3.0,3.0
587,3,3,1,3,3.0,4.0
588,4,3,2,3,3.0,3.0
589,2,2,4,2,3.0,3.0
590,2,2,3,3,3.0,
591,4,3,3,2,3.0,
592,1,2,3,3,3.0,3.0
593,3,3,4,1,3.0,4.0
594,4,3,3,1,3.0,3.0
595,3,3,4,2,2.0,4.0
596,1,4,3,3,3.0,3.0
597,2,3,3,3,3.0,3.0
598,1,4,4,3,3.0,3.0
599,2,4,3,4,3.0,3.0
600,2,2,4,2,2.0,3.0
601,4,3,1,3,3.0,3.0
602,1,3,1,2,3.0,4.0
603,4,2,4,3,3.0,3.0
604,3,2,4,3,3.0,3.0
605,4,3,4,2,3.0,3.0
606,3,1,3,2,3.0,3.0
607,3,1,3,3,4.0,3.0
608,4,3,4,3,2.0,
609,2,3,4,3,1.0,3.0
610,3,2,3,2,3.0,3.0
611,1,2,3,3,3.0,3.0
612,1,3,4,4,2.0,
613,3,3,2,3,2.0,3.0
614,3,2,3,3,1.0,3.0
615,2,4,1,3,3.0,3.0
616,3,3,3,3,3.0,3.0
617,2,1,4,1,2.0,
618,2,4,3,3,3.0,3.0
619,4,1,3,3,1.0,3.0
620,4,3,2,2,3.0,3.0
621,3,3,3,3,3.0,
622,4,1,3,3,3.0,3.0
623,4,3,2,2,3.0,3.0
624,1,3,3,2,3.0,4.0
625,1,4,4,2,4.0,3.0
626,3,4,3,3,3.0,3.0
627,4,1,4,3,4.0,3.0
628,3,2,3,3,3.0,4.0
629,3,3,1,3,1.0,
630,1,4,2,3,3.0,3.0
631,4,3,4,2,2.0,3.0
632,4,3,3,3,3.0,3.0
633,4,1,2,2,2.0,3.0
634,4,4,1,3,3.0,3.0
635,1,4,2,2,3.0,3.0
636,3,3,3,3,2.0,3.0
637,4,2,1,3,1.0,3.0
638,4,4,4,3,3.0,4.0
639,1,4,1,3,4.0,3.0
640,1,4,4,3,4.0,3.0
641,4,3,1,3,3.0,3.0
642,4,3,2,4,3.0,3.0
643,2,2,2,2,2.0,3.0
644,4,4,3,2,4.0,3.0
645,2,1,2,3,1.0,3.0
646,4,3,2,3,3.0,4.0
647,1,1,1,4,3.0,4.0
648,4,1,3,2,3.0,
649,1,3,4,2,4.0,3.0
650,4,4,4,3,2.0,4.0
651,4,2,3,2,3.0,3.0
652,2,2,3,1,4.0,
653,2,2,1,3,3.0,3.0
654,4,3,4,3,2.0,3.0
655,3,3,2,3,3.0,4.0
656,2,2,3,3,2.0,3.0
657,2,4,4,3,3.0,3.0
658,1,2,2,4,3.0,4.0
659,3,3,2,2,3.0,3.0
660,4,2,1,2,1.0,3.0
661,2,2,1,3,3.0,3.0
662,3,2,1,2,3.0,4.0
663,4,4,3,4,2.0,3.0
664,1,1,1,4,3.0,
665,2,3,1,3,2.0,4.0
666,4,4,4,3,3.0,3.0
667,2,4,3,2,2.0,
668,1,4,3,2,2.0,
669,3,4,2,2,2.0,4.0
670,1,1,3,3,1.0,3.0
671,1,1,2,3,2.0,3.0
672,4,3,4,4,3.0,
673,2,3,3,3,3.0,3.0
674,3,1,4,3,3.0,3.0
675,2,4,4,2,3.0,3.0
676,1,4,3,3,3.0,3.0
677,3,2,4,4,1.0,3.0
678,1,3,4,2,4.0,
679,2,4,2,3,2.0,4.0
680,3,2,3,3,3.0,3.0
681,4,4,3,3,4.0,3.0
682,3,3,1,2,2.0,3.0
683,1,3,4,2,3.0,3.0
684,3,1,2,3,3.0,
685,2,4,1,4,3.0,3.0
686,3,4,3,3,2.0,3.0
687,1,3,1,3,3.0,3.0
688,4,4,4,3,3.0,4.0
689,2,3,1,4,3.0,3.0
690,4,4,3,1,3.0,3.0
691,3,2,2,3,3.0,3.0
692,4,4,3,3,2.0,
693,4,3,4,1,2.0,4.0
694,4,1,3,3,2.0,
695,4,4,4,2,3.0,3.0
696,1,2,2,3,3.0,3.0
697,3,3,4,3,1.0,3.0
698,4,3,3,2,3.0,3.0
699,1,1,4,1,3.0,3.0
700,2,4,4,3,2.0,3.0
701,4,4,4,3,3.0,3.0
702,3,1,3,3,3.0,3.0
703,1,4,2,3,4.0,4.0
704,1,4,3,3,3.0,3.0
705,1,3,3,2,2.0,3.0
706,3,2,1,3,3.0,3.0
707,2,1,3,3,3.0,3.0
708,2,4,1,3,4.0,3.0
709,3,3,2,4,1.0,3.0
710,4,1,4,3,3.0,3.0
711,4,3,1,2,2.0,3.0
712,4,2,1,3,3.0,
713,4,2,1,3,2.0,3.0
714,3,4,3,3,3.0,3.0
715,4,4,4,2,3.0,3.0
716,1,3,1,2,2.0,3.0
717,1,3,1,4,2.0,3.0
718,3,3,3,4,2.0,3.0
719,3,4,1,3,3.0,3.0
720,3,2,4,4,2.0,3.0
721,4,3,2,3,4.0,3.0
722,1,3,4,2,3.0,3.0
723,3,2,4,3,3.0,3.0
724,4,4,4,3,3.0,
725,3,3,1,3,3.0,3.0
726,2,1,1,1,2.0,3.0
727,3,1,4,2,3.0,3.0
728,4,2,4,3,4.0,3.0
729,2,1,2,3,3.0,3.0
730,4,1,2,3,2.0,3.0
731,1,3,3,2,3.0,3.0
732,1,1,1,2,3.0,3.0
733,4,1,2,2,1.0,3.0
734,4,4,2,3,3.0,4.0
735,3,1,3,2,3.0,3.0
736,1,2,3,1,2.0,
737,3,3,1,3,3.0,3.0
738,4,3,4,3,2.0,3.0
739,4,1,1,4,4.0,3.0
740,3,2,4,3,3.0,3.0
741,1,2,3,3,3.0,3.0
742,4,1,2,3,3.0,3.0
743,3,4,1,3,3.0,3.0
744,3,3,1,2,3.0,3.0
745,4,2,3,4,2.0,3.0
746,1,4,4,2,3.0,3.0
747,1,1,1,2,3.0,4.0
748,4,3,1,3,3.0,3.0
749,4,3,4,3,3.0,3.0
750,4,1,1,3,3.0,3.0
751,1,1,2,3,1.0,
752,3,1,3,3,4.0,4.0
753,1,2,3,3,3.0,3.0
754,4,4,2,2,3.0,3.0
755,2,1,3,2,3.0,4.0
756,3,3,3,3,3.0,3.0
757,2,2,1,1,2.0,4.0
758,3,1,3,3,2.0,3.0
759,1,3,4,3,3.0,3.0
760,1,3,2,3,3.0,3.0
761,4,2,2,2,3.0,4.0
762,2,3,4,4,3.0,3.0
763,3,3,4,1,2.0,3.0
764,3,4,3,4,3.0,3.0
765,4,3,3,3,3.0,3.0
766,4,3,3,1,1.0,3.0
767,2,2,2,3,2.0,4.0
768,3,2,1,3,3.0,4.0
769,3,3,2,3,2.0,3.0
770,3,3,4,3,4.0,3.0
771,3,3,3,3,3.0,4.0
772,3,4,1,3,2.0,3.0
773,4,2,1,3,3.0,3.0
774,3,4,4,3,3.0,3.0
775,3,1,4,3,3.0,3.0
776,3,2,3,3,2.0,4.0
777,3,4,4,3,3.0,3.0
778,4,3,1,3,3.0,4.0
779,2,3,2,3,2.0,
780,2,4,1,3,1.0,3.0
781,3,3,3,3,2.0,3.0
782,1,1,1,3,2.0,3.0
783,1,3,3,3,2.0,3.0
784,4,2,3,2,2.0,3.0
785,1,4,3,2,3.0,3.0
786,4,3,1,3,2.0,3.0
787,4,1,4,3,3.0,
788,1,2,3,3,2.0,4.0
789,2,3,4,3,3.0,3.0
790,2,4,3,3,3.0,3.0
791,2,1,4,2,2.0,3.0
792,4,3,3,3,3.0,3.0
793,3,2,3,3,3.0,3.0
794,3,4,4,1,3.0,3.0
795,4,1,2,2,3.0,3.0
796,2,1,3,4,4.0,3.0
797,1,4,2,3,3.0,3.0
798,1,4,3,3,2.0,3.0
799,2,3,4,3,3.0,3.0
800,3,2,3,2,3.0,3.0
801,1,4,2,4,2.0,3.0
802,4,3,4,3,3.0,3.0
803,1,4,3,4,2.0,3.0
804,2,3,1,3,3.0,3.0
805,2,2,1,1,3.0,
806,2,4,1,3,2.0,3.0
807,4,4,4,3,4.0,3.0
808,1,3,3,2,3.0,3.0
809,4,1,4,3,3.0,3.0
810,3,3,3,3,2.0,
811,2,3,4,2,2.0,3.0
812,3,3,1,3,3.0,
813,2,4,1,3,2.0,3.0
814,1,1,3,3,4.0,
815,3,4,2,3,3.0,4.0
816,1,3,2,3,3.0,3.0
817,4,2,4,3,3.0,4.0
818,1,1,3,3,2.0,4.0
819,2,3,2,3,4.0,3.0
820,3,4,1,3,3.0,4.0
821,3,4,4,2,3.0,4.0
822,4,3,4,2,3.0,3.0
823,2,4,3,4,3.0,3.0
824,3,4,4,3,3.0,3.0
825,2,3,3,1,3.0,3.0
826,2,4,2,3,3.0,4.0
827,1,4,4,1,3.0,3.0
828,1,4,3,2,3.0,3.0
829,4,2,3,3,3.0,4.0
830,4,4,1,3,3.0,
831,3,1,4,3,3.0,4.0
832,4,4,2,3,1.0,3.0
833,3,3,4,3,1.0,3.0
834,3,4,2,3,2.0,3.0
835,3,3,1,3,3.0,3.0
836,3,3,4,3,3.0,
837,3,3,4,3,3.0,4.0
838,4,4,2,3,3.0,3.0
839,3,4,3,2,2.0,3.0
840,4,3,1,4,3.0,3.0
841,2,4,2,3,3.0,3.0
842,3,3,1,2,3.0,3.0
843,3,3,4,3,4.0,3.0
844,2,1,2,4,2.0,3.0
845,4,4,4,2,1.0,3.0
846,4,3,1,3,3.0,3.0
847,4,3,1,3,3.0,3.0
848,3,4,3,3,2.0,3.0
849,4,4,1,3,3.0,3.0
850,3,4,2,2,3.0,4.0
851,3,2,4,2,2.0,3.0
852,2,4,3,3,2.0,3.0
853,4,4,3,2,1.0,3.0
854,2,3,3,3,3.0,3.0
855,3,1,4,3,3.0,3.0
856,2,1,3,3,3.0,3.0
857,3,3,4,2,2.0,3.0
858,1,4,3,4,3.0,3.0
859,4,3,1,4,3.0,3.0
860,4,4,4,3,3.0,3.0
861,1,4,3,3,3.0,3.0
862,4,4,1,2,3.0,3.0
863,4,4,4,3,3.0,4.0
864,4,1,3,2,4.0,3.0
865,1,1,4,3,3.0,3.0
866,4,2,4,3,3.0,3.0
867,1,4,2,3,3.0,3.0
868,3,4,1,3,3.0,3.0
869,4,3,2,3,2.0,3.0
870,2,3,4,3,2.0,3.0
871,1,3,4,3,3.0,3.0
872,1,4,1,2,3.0,3.0
873,3,2,4,3,1.0,3.0
874,1,1,2,2,2.0,
875,1,4,4,1,2.0,3.0
876,4,2,3,3,3.0,3.0
877,2,3,4,2,3.0,3.0
878,4,3,4,3,2.0,3.0
879,3,3,4,3,2.0,3.0
880,3,3,3,3,3.0,3.0
881,4,2,3,3,4.0,3.0
882,1,3,2,2,3.0,3.0
883,4,3,3,3,3.0,3.0
884,1,3,4,3,2.0,4.0
885,3,4,2,2,3.0,3.0
886,1,4,4,3,3.0,
887,4,2,2,3,3.0,3.0
888,2,3,3,2,3.0,4.0
889,4,2,3,3,3.0,3.0
890,1,2,4,4,2.0,3.0
891,4,4,3,3,4.0,3.0
892,2,2,1,3,3.0,3.0
893,1,3,1,3,2.0,3.0
894,3,1,3,3,3.0,3.0
895,4,1,4,3,3.0,4.0
896,3,4,3,3,3.0,3.0
897,4,3,1,2,3.0,3.0
898,1,3,1,3,3.0,3.0
899,1,4,4,3,2.0,
900,4,4,4,3,1.0,3.0
901,4,4,3,1,2.0,3.0
902,1,2,4,3,1.0,4.0
903,2,3,3,2,3.0,3.0
904,3,2,2,2,4.0,3.0
905,1,3,3,3,1.0,3.0
906,3,3,4,2,3.0,3.0
907,4,1,2,3,3.0,3.0
908,2,3,1,3,3.0,3.0
909,2,4,3,3,3.0,3.0
910,3,3,3,2,3.0,3.0
911,4,2,4,3,4.0,3.0
912,1,4,3,3,2.0,3.0
913,4,4,3,4,3.0,3.0
914,4,3,4,3,3.0,3.0
915,1,4,4,2,3.0,3.0
916,3,2,4,3,3.0,3.0
917,4,1,1,2,1.0,3.0
918,1,2,3,2,4.0,
919,3,4,3,3,3.0,3.0
920,3,3,3,3,3.0,
921,4,1,4,3,4.0,3.0
922,1,4,3,3,3.0,4.0
923,3,3,4,3,3.0,
924,2,3,2,2,3.0,3.0
925,1,4,4,2,3.0,3.0
926,1,1,1,4,4.0,3.0
927,4,3,2,4,3.0,4.0
928,1,4,2,4,3.0,3.0
929,1,1,3,3,3.0,3.0
930,1,4,1,3,3.0,3.0
931,4,4,2,3,3.0,3.0
932,1,3,3,1,3.0,3.0
933,4,4,3,3,2.0,3.0
934,3,4,3,4,3.0,3.0
935,4,3,4,2,3.0,
936,4,4,4,2,2.0,4.0
937,4,4,2,3,3.0,3.0
938,4,4,4,3,3.0,3.0
939,1,4,3,4,3.0,3.0
940,4,4,1,3,3.0,3.0
941,1,1,4,1,3.0,3.0
942,2,3,4,4,3.0,3.0
943,3,2,4,3,3.0,3.0
944,1,2,4,3,2.0,3.0
945,4,3,3,1,3.0,
946,3,2,1,3,3.0,3.0
947,2,2,3,3,3.0,4.0
948,1,3,1,3,3.0,3.0
949,2,3,3,4,3.0,3.0
950,3,4,3,3,2.0,3.0
951,3,2,2,3,3.0,3.0
952,3,3,4,2,3.0,3.0
953,3,3,4,3,1.0,3.0
954,4,4,2,3,2.0,3.0
955,2,3,4,3,2.0,3.0
956,1,4,4,2,3.0,3.0
957,4,1,4,2,1.0,4.0
958,1,3,4,4,2.0,4.0
959,4,1,2,3,2.0,3.0
960,3,1,1,2,4.0,3.0
961,3,2,1,3,3.0,3.0
962,1,4,4,2,2.0,3.0
963,2,4,2,2,3.0,3.0
964,2,3,3,2,3.0,3.0
965,4,2,4,3,2.0,3.0
966,1,2,4,3,3.0,3.0
967,3,4,3,2,2.0,3.0
968,4,1,4,2,2.0,3.0
969,2,1,3,3,4.0,3.0
970,3,2,3,3,3.0,3.0
971,4,4,1,3,1.0,4.0
972,3,2,1,2,3.0,3.0
973,2,3,4,3,3.0,3.0
974,3,2,3,3,3.0,3.0
975,3,1,1,2,3.0,4.0
976,2,1,4,3,3.0,3.0
977,2,2,2,3,3.0,3.0
978,1,2,3,3,3.0,3.0
979,4,2,3,2,3.0,3.0
980,3,4,2,2,1.0,4.0
981,2,1,2,3,3.0,3.0
982,1,4,3,2,3.0,3.0
983,4,2,3,3,3.0,3.0
984,1,2,4,3,3.0,3.0
985,2,1,4,3,2.0,4.0
986,2,4,1,1,3.0,3.0
987,2,4,4,2,2.0,3.0
988,1,2,1,3,3.0,3.0
989,3,1,3,3,3.0,3.0
990,4,4,4,3,3.0,3.0
991,4,2,4,3,3.0,3.0
992,2,3,1,3,2.0,3.0
993,1,4,3,1,3.0,3.0
994,4,2,2,3,3.0,3.0
995,4,3,4,2,3.0,3.0
996,1,4,3,3,2.0,3.0
997,1,3,4,3,2.0,3.0
998,1,2,2,2,3.0,4.0
999,4,3,2,3,3.0,3.0
1000,4,3,2,2,4.0,3.0
1001,3,1,4,4,3.0,
1002,4,4,4,3,3.0,3.0
1003,4,4,3,3,3.0,3.0
1004,1,1,1,3,3.0,3.0
1005,3,3,3,3,2.0,3.0
1006,3,3,4,2,3.0,3.0
1007,4,3,3,2,3.0,
1008,4,2,4,2,4.0,3.0
1009,4,4,1,3,3.0,3.0
1010,1,3,3,3,3.0,3.0
1011,1,1,3,2,2.0,3.0
1012,4,3,1,3,3.0,4.0
1013,4,1,2,3,3.0,3.0
1014,3,3,2,2,3.0,4.0
1015,3,2,4,2,2.0,3.0
1016,1,1,4,3,3.0,3.0
1017,1,3,3,2,1.0,4.0
1018,3,4,1,3,3.0,3.0
1019,4,3,3,3,2.0,3.0
1020,3,4,3,3,3.0,
1021,4,2,4,2,3.0,3.0
1022,4,2,1,3,2.0,3.0
1023,4,4,2,3,2.0,3.0
1024,1,4,3,3,3.0,3.0
1025,3,1,1,3,3.0,3.0
1026,1,1,4,2,3.0,3.0
1027,4,2,1,3,3.0,3.0
1028,3,1,2,1,3.0,3.0
1029,4,1,2,3,4.0,3.0
1030,1,3,1,3,4.0,
1031,3,2,3,3,3.0,3.0
1032,4,3,4,3,2.0,3.0
1033,2,3,2,3,3.0,4.0
1034,4,2,2,2,2.0,3.0
1035,4,2,4,1,3.0,4.0
1036,4,3,3,3,2.0,3.0
1037,4,4,3,4,3.0,3.0
1038,4,4,3,3,2.0,3.0
1039,2,2,2,3,3.0,3.0
1040,4,1,4,3,2.0,3.0
1041,3,1,2,3,2.0,3.0
1042,1,2,3,4,2.0,3.0
1043,4,4,4,2,3.0,3.0
1044,4,4,3,3,3.0,
1045,1,1,3,3,3.0,3.0
1046,3,3,4,3,3.0,3.0
1047,1,2,4,3,2.0,3.0
1048,4,2,1,3,3.0,3.0
1049,1,3,2,3,4.0,3.0
1050,3,1,1,2,2.0,3.0
1051,1,1,1,2,3.0,3.0
1052,1,4,1,3,4.0,4.0
1053,2,1,3,4,3.0,3.0
1054,4,4,2,4,3.0,
1055,2,3,4,3,1.0,3.0
1056,3,1,1,3,3.0,3.0
1057,1,4,3,3,3.0,3.0
1058,3,4,3,2,3.0,3.0
1059,1,2,3,3,2.0,
1060,4,3,2,3,2.0,3.0
1061,1,4,3,3,4.0,3.0
1062,2,2,3,3,2.0,
1063,4,2,3,3,3.0,3.0
1064,3,4,1,3,3.0,3.0
1065,4,1,1,2,3.0,4.0
1066,4,3,2,3,3.0,3.0
1067,3,2,4,3,4.0,
1068,4,1,3,3,3.0,3.0
1069,4,3,4,3,3.0,3.0
1070,3,4,4,3,2.0,4.0
1071,1,4,1,3,1.0,3.0
1072,1,2,2,3,3.0,3.0
1073,3,1,2,3,3.0,3.0
1074,3,4,1,3,2.0,3.0
1075,2,2,4,3,2.0,3.0
1076,2,2,2,3,4.0,3.0
1077,1,3,3,3,3.0,3.0
1078,4,4,3,4,3.0,3.0
1079,1,4,1,4,3.0,3.0
1080,3,2,3,2,2.0,3.0
1081,2,2,3,2,2.0,
1082,2,4,4,4,3.0,3.0
1083,4,4,1,3,3.0,3.0
1084,3,2,3,3,3.0,3.0
1085,3,3,4,3,3.0,3.0
1086,4,3,3,3,3.0,3.0
1087,1,4,3,3,1.0,3.0
1088,3,4,4,3,2.0,
1089,3,2,4,2,3.0,4.0
1090,1,4,4,1,2.0,3.0
1091,2,1,3,4,3.0,3.0
1092,4,3,4,3,2.0,3.0
1093,1,2,1,3,1.0,3.0
1094,3,3,3,2,3.0,3.0
1095,2,3,1,3,3.0,
1096,1,2,2,3,3.0,3.0
1097,3,1,3,3,3.0,3.0
1098,4,3,3,2,3.0,3.0
1099,4,3,4,3,3.0,3.0
1100,4,2,1,3,2.0,3.0
1101,2,3,2,4,3.0,3.0
1102,4,1,1,3,3.0,3.0
1103,1,2,3,3,2.0,3.0
1104,3,1,4,3,3.0,3.0
1105,1,4,2,2,3.0,
1106,3,2,4,3,3.0,4.0
1107,4,3,3,1,4.0,3.0
1108,1,1,3,3,2.0,3.0
1109,2,4,3,3,4.0,3.0
1110,3,2,2,1,3.0,
1111,2,2,1,3,4.0,3.0
1112,2,2,1,2,3.0,3.0
1113,3,3,2,3,1.0,3.0
1114,3,4,4,3,3.0,3.0
1115,3,3,4,2,2.0,3.0
1116,1,3,3,3,3.0,3.0
1117,4,3,4,3,2.0,3.0
1118,2,3,2,1,3.0,3.0
1119,4,4,3,4,4.0,3.0
1120,1,4,3,2,2.0,4.0
1121,4,1,4,1,3.0,
1122,1,4,3,3,3.0,3.0
1123,2,1,2,2,3.0,3.0
1124,2,3,2,2,3.0,3.0
1125,1,3,3,3,2.0,3.0
1126,3,1,2,4,1.0,3.0
1127,1,4,1,3,3.0,3.0
1128,3,3,1,3,3.0,4.0
1129,2,1,4,1,2.0,4.0
1130,1,2,3,3,3.0,3.0
1131,1,4,1,2,3.0,3.0
1132,2,3,3,3,3.0,3.0
1133,3,2,4,3,3.0,3.0
1134,3,3,2,2,2.0,3.0
1135,4,2,4,3,3.0,3.0
1136,2,2,4,2,4.0,4.0
1137,4,2,1,3,3.0,3.0
1138,1,4,2,2,3.0,3.0
1139,4,2,1,1,3.0,4.0
1140,1,4,4,3,3.0,3.0
1141,3,3,2,2,1.0,3.0
1142,3,4,4,3,3.0,3.0
1143,4,3,4,2,2.0,3.0
1144,1,2,3,4,2.0,3.0
1145,2,3,3,3,3.0,3.0
1146,1,3,3,1,3.0,
1147,2,4,4,3,4.0,3.0
1148,3,4,1,3,3.0,
1149,1,2,1,3,2.0,3.0
1150,4,2,2,3,3.0,3.0
1151,3,4,1,3,3.0,
1152,4,3,4,3,4.0,3.0
1153,4,3,3,3,2.0,3.0
1154,1,3,3,3,3.0,3.0
1155,4,3,3,3,3.0,3.0
1156,4,4,3,3,4.0,
1157,3,3,2,2,3.0,3.0
1158,2,2,2,2,3.0,3.0
1159,3,4,1,3,3.0,3.0
1160,1,2,2,3,3.0,3.0
1161,3,2,4,3,4.0,3.0
1162,4,4,1,3,3.0,3.0
1163,3,4,3,2,3.0,3.0
1164,3,4,3,3,4.0,3.0
1165,4,2,1,2,3.0,3.0
1166,4,4,3,2,3.0,3.0
1167,3,3,4,4,3.0,3.0
1168,2,2,2,4,3.0,4.0
1169,3,4,4,3,3.0,3.0
1170,2,4,1,2,4.0,3.0
1171,3,2,2,3,3.0,3.0
1172,3,3,4,3,3.0,3.0
1173,3,4,3,2,2.0,3.0
1174,3,1,4,3,3.0,3.0
1175,2,1,4,3,3.0,3.0
1176,1,1,1,2,2.0,
1177,2,3,2,4,1.0,4.0
1178,3,4,2,1,3.0,3.0
1179,4,4,3,2,3.0,3.0
1180,3,3,2,2,3.0,3.0
1181,1,4,2,3,3.0,3.0
1182,1,3,3,4,3.0,3.0
1183,2,3,1,3,1.0,3.0
1184,1,4,1,3,3.0,3.0
1185,3,3,3,4,3.0,3.0
1186,2,4,3,3,3.0,3.0
1187,2,3,1,3,3.0,4.0
1188,2,4,4,2,3.0,3.0
1189,2,4,4,3,3.0,3.0
1190,2,3,3,3,3.0,3.0
1191,4,4,2,3,3.0,
1192,1,3,3,2,1.0,3.0
1193,3,2,4,3,3.0,3.0
1194,3,2,3,3,2.0,3.0
1195,4,4,4,4,2.0,3.0
1196,3,4,3,3,3.0,3.0
1197,1,4,3,3,2.0,3.0
1198,1,3,3,3,2.0,
1199,3,4,3,2,3.0,3.0
1200,3,4,4,3,2.0,
1201,2,4,4,2,1.0,3.0
1202,3,3,1,3,3.0,
1203,3,4,4,4,3.0,3.0
1204,2,2,2,2,4.0,3.0
1205,1,2,2,2,4.0,4.0
1206,3,4,4,2,3.0,3.0
1207,2,4,1,3,3.0,4.0
1208,2,4,4,3,4.0,
1209,3,3,3,3,4.0,3.0
1210,4,3,3,3,2.0,
1211,3,2,1,2,3.0,
1212,4,1,2,2,3.0,3.0
1213,3,3,2,3,3.0,3.0
1214,4,3,4,3,4.0,3.0
1215,3,2,2,2,2.0,3.0
1216,3,3,4,3,3.0,3.0
1217,4,3,1,3,2.0,3.0
1218,3,4,4,3,3.0,3.0
1219,4,3,2,3,3.0,3.0
1220,4,2,4,3,2.0,3.0
1221,2,4,4,2,2.0,4.0
1222,1,1,3,4,3.0,3.0
1223,3,2,4,3,3.0,3.0
1224,3,1,4,2,2.0,3.0
1225,2,3,3,2,2.0,3.0
1226,4,2,3,2,3.0,3.0
1227,3,1,1,4,2.0,
1228,4,2,3,3,3.0,4.0
1229,4,2,4,4,2.0,3.0
1230,3,4,4,3,3.0,3.0
1231,4,1,3,2,3.0,3.0
1232,1,3,4,3,4.0,3.0
1233,2,1,4,3,3.0,3.0
1234,3,3,4,3,3.0,3.0
1235,4,4,1,3,3.0,3.0
1236,1,3,3,1,2.0,3.0
1237,2,1,2,3,3.0,4.0
1238,4,4,4,4,3.0,
1239,1,4,3,2,3.0,3.0
1240,3,3,1,2,3.0,3.0
1241,4,3,3,3,3.0,3.0
1242,2,3,1,3,3.0,3.0
1243,4,1,3,2,2.0,3.0
1244,2,2,4,4,3.0,3.0
1245,4,2,1,3,4.0,3.0
1246,1,4,4,3,3.0,3.0
1247,3,3,1,3,3.0,3.0
1248,4,4,1,3,3.0,3.0
1249,4,2,4,2,3.0,
1250,3,4,4,2,4.0,3.0
1251,2,3,4,3,3.0,3.0
1252,2,3,2,2,3.0,3.0
1253,1,1,4,3,3.0,4.0
1254,4,4,3,3,2.0,3.0
1255,3,4,1,3,3.0,4.0
1256,2,4,2,3,3.0,
1257,2,3,3,2,3.0,3.0
1258,2,2,2,2,2.0,4.0
1259,3,1,1,1,3.0,4.0
1260,2,3,4,2,2.0,4.0
1261,2,1,3,2,3.0,3.0
1262,4,2,3,3,3.0,3.0
1263,2,2,1,3,3.0,
1264,4,3,4,3,3.0,3.0
1265,3,1,4,2,3.0,3.0
1266,4,3,4,3,2.0,3.0
1267,3,1,1,3,2.0,3.0
1268,3,3,4,4,3.0,3.0
1269,1,2,3,3,3.0,
1270,3,2,4,3,2.0,3.0
1271,1,3,3,3,1.0,3.0
1272,1,2,2,2,3.0,3.0
1273,2,2,4,2,3.0,
1274,1,3,1,4,3.0,4.0
1275,1,4,3,3,1.0,4.0
1276,3,4,2,3,3.0,3.0
1277,3,3,3,3,3.0,3.0
1278,3,4,4,4,3.0,3.0
1279,4,1,3,2,3.0,3.0
1280,4,1,3,3,2.0,3.0
1281,1,1,1,3,2.0,3.0
1282,2,1,3,3,3.0,3.0
1283,1,2,4,3,3.0,3.0
1284,3,3,2,3,3.0,
1285,1,2,3,3,1.0,4.0
1286,1,2,4,2,3.0,4.0
1287,4,2,4,3,3.0,
1288,4,2,3,3,3.0,
1289,3,3,3,3,4.0,3.0
1290,3,4,2,4,3.0,3.0
1291,3,1,2,3,3.0,3.0
1292,3,3,4,3,3.0,4.0
1293,3,4,2,3,2.0,3.0
1294,2,2,3,2,3.0,4.0
1295,3,4,1,3,3.0,3.0
1296,4,3,4,3,3.0,4.0
1297,1,3,4,2,4.0,3.0
1298,1,3,4,2,2.0,3.0
1299,1,3,4,3,3.0,
1300,3,3,3,3,3.0,3.0
1301,4,1,3,3,3.0,3.0
1302,2,4,2,3,3.0,3.0
1303,3,3,1,1,3.0,3.0
1304,1,1,3,3,3.0,3.0
1305,3,2,4,1,1.0,3.0
1306,3,3,3,3,3.0,3.0
1307,4,4,2,2,3.0,4.0
1308,2,3,1,2,4.0,3.0
1309,4,3,3,3,2.0,3.0
1310,4,4,2,2,4.0,
1311,2,3,4,2,3.0,3.0
1312,3,4,1,3,2.0,3.0
1313,3,4,3,3,3.0,3.0
1314,3,3,3,3,3.0,4.0
1315,2,1,3,3,2.0,3.0
1316,4,4,3,3,3.0,3.0
1317,2,3,3,2,3.0,3.0
1318,4,1,4,4,3.0,3.0
1319,3,4,3,3,3.0,
1320,3,3,3,3,3.0,3.0
1321,4,1,1,3,4.0,3.0
1322,4,2,3,3,1.0,3.0
1323,2,3,1,3,3.0,3.0
1324,3,3,1,4,3.0,4.0
1325,3,3,2,2,3.0,3.0
1326,2,4,1,2,3.0,3.0
1327,1,4,3,2,3.0,3.0
1328,3,2,4,2,2.0,4.0
1329,2,4,3,2,3.0,3.0
1330,4,3,4,3,2.0,3.0
1331,4,4,3,2,3.0,
1332,4,2,4,3,3.0,
1333,1,3,4,3,3.0,3.0
1334,1,4,2,3,3.0,3.0
1335,1,3,4,3,1.0,4.0
1336,4,4,4,2,2.0,3.0
1337,1,3,2,3,4.0,4.0
1338,4,1,4,3,2.0,
1339,4,2,2,3,3.0,3.0
1340,3,4,2,2,3.0,
1341,4,1,3,3,2.0,3.0
1342,3,3,2,2,3.0,
1343,3,3,2,2,3.0,
1344,1,2,2,2,2.0,3.0
1345,4,2,2,2,4.0,3.0
1346,1,2,1,3,3.0,3.0
1347,2,1,4,2,3.0,3.0
1348,4,1,3,3,3.0,4.0
1349,2,4,2,4,2.0,3.0
1350,4,3,1,2,3.0,4.0
1351,4,3,4,3,3.0,3.0
1352,2,4,4,3,3.0,3.0
1353,4,1,1,2,3.0,3.0
1354,4,2,3,3,4.0,3.0
1355,1,2,4,3,3.0,
1356,1,1,2,1,1.0,3.0
1357,2,3,4,3,3.0,3.0
1358,1,2,3,3,2.0,3.0
1359,4,2,2,3,3.0,4.0
1360,3,3,4,2,3.0,3.0
1361,3,1,1,2,2.0,
1362,1,3,3,3,4.0,
1363,4,3,4,2,3.0,
1364,1,1,2,2,3.0,
1365,4,4,3,3,3.0,3.0
1366,3,4,4,2,3.0,3.0
1367,4,3,2,3,3.0,3.0
1368,2,1,4,1,3.0,3.0
1369,3,4,3,3,3.0,3.0
1370,2,1,4,3,3.0,3.0
1371,4,2,3,2,3.0,3.0
1372,3,3,1,3,3.0,3.0
1373,3,2,4,2,3.0,3.0
1374,2,4,3,1,3.0,
1375,1,1,1,2,1.0,3.0
1376,2,4,2,3,3.0,3.0
1377,4,1,2,3,1.0,3.0
1378,1,3,1,3,3.0,3.0
1379,1,3,3,2,4.0,
1380,4,3,2,4,2.0,3.0
1381,3,2,4,3,3.0,3.0
1382,4,3,4,2,4.0,3.0
1383,3,4,3,4,2.0,3.0
1384,2,4,4,4,3.0,3.0
1385,4,4,3,3,3.0,4.0
1386,3,4,4,1,3.0,
1387,2,4,2,4,3.0,3.0
1388,2,2,3,2,2.0,3.0
1389,2,3,2,3,3.0,4.0
1390,3,2,4,4,3.0,
1391,4,3,4,3,4.0,3.0
1392,3,3,4,2,4.0,3.0
1393,2,2,3,1,3.0,
1394,1,3,2,2,4.0,3.0
1395,2,2,1,3,4.0,3.0
1396,1,2,1,2,4.0,4.0
1397,1,3,3,3,2.0,
1398,2,2,3,3,2.0,3.0
1399,4,1,3,3,3.0,
1400,2,3,1,3,2.0,3.0
1401,4,3,2,3,3.0,3.0
1402,3,3,1,2,2.0,
1403,1,4,3,2,1.0,3.0
1404,4,1,3,3,3.0,3.0
1405,2,4,2,3,3.0,
1406,3,2,2,2,3.0,
1407,3,1,3,4,2.0,3.0
1408,4,2,1,2,3.0,3.0
1409,1,4,1,3,3.0,3.0
1410,1,3,4,3,3.0,3.0
1411,1,1,4,3,3.0,4.0
1412,2,1,3,3,3.0,3.0
1413,2,3,3,3,3.0,
1414,4,4,4,2,3.0,4.0
1415,3,4,4,2,2.0,3.0
1416,4,2,1,4,1.0,3.0
1417,2,3,4,3,4.0,3.0
1418,1,2,2,2,2.0,
1419,1,1,4,3,3.0,3.0
1420,4,4,3,3,3.0,3.0
1421,4,4,3,3,3.0,3.0
1422,4,1,2,3,3.0,3.0
1423,3,3,4,1,4.0,4.0
1424,4,3,3,1,3.0,
1425,2,2,1,3,3.0,3.0
1426,2,2,4,3,2.0,3.0
1427,3,4,2,3,1.0,3.0
1428,1,2,2,1,3.0,3.0
1429,4,3,3,1,4.0,4.0
1430,4,1,4,4,3.0,3.0
1431,1,3,1,3,2.0,4.0
1432,1,1,3,3,3.0,3.0
1433,4,3,1,2,3.0,3.0
1434,3,3,3,4,3.0,3.0
1435,2,3,4,1,3.0,3.0
1436,3,4,3,2,3.0,3.0
1437,3,2,1,2,3.0,3.0
1438,2,2,2,3,3.0,3.0
1439,3,3,1,3,3.0,3.0
1440,3,3,2,3,2.0,3.0
1441,2,3,1,4,2.0,
1442,2,3,3,3,1.0,3.0
1443,4,3,1,4,3.0,3.0
1444,4,4,2,3,3.0,4.0
1445,4,3,4,3,4.0,3.0
1446,4,4,3,1,3.0,
1447,4,4,3,3,3.0,
1448,4,4,2,2,3.0,3.0
1449,4,2,4,2,2.0,
1450,2,4,2,3,3.0,3.0
1451,2,3,4,3,2.0,3.0
1452,4,1,2,3,3.0,4.0
1453,2,3,3,2,2.0,3.0
1454,2,4,1,4,3.0,3.0
1455,3,4,1,4,3.0,3.0
1456,4,4,3,3,3.0,3.0
1457,4,3,1,2,3.0,3.0
1458,1,4,1,3,3.0,4.0
1459,4,3,4,3,2.0,3.0
1460,2,3,4,3,3.0,
1461,1,1,2,2,3.0,3.0
1462,1,1,1,2,2.0,3.0
1463,4,2,4,2,3.0,4.0
1464,4,3,4,1,3.0,3.0
1465,3,3,2,3,3.0,3.0
1466,1,3,4,3,2.0,3.0
1467,4,3,4,3,2.0,3.0
1468,4,1,1,3,3.0,3.0
1469,3,3,4,3,3.0,3.0
1470,2,2,3,3,3.0,4.0
1471,3,3,3,3,2.0,3.0
1472,1,1,1,3,2.0,3.0
1473,4,4,4,3,2.0,3.0
1474,1,3,3,3,2.0,3.0
1475,2,4,4,3,3.0,3.0
1476,4,3,1,3,3.0,3.0
1477,4,2,2,3,3.0,3.0
1478,3,1,4,4,2.0,
1479,3,2,4,2,3.0,3.0
1480,1,3,2,2,3.0,3.0
1481,2,2,1,3,1.0,3.0
1482,2,2,3,2,3.0,3.0
1483,2,4,4,2,2.0,3.0
1484,1,2,1,3,3.0,3.0
1485,3,1,3,3,3.0,3.0
1486,4,4,4,3,3.0,3.0
1487,4,3,2,2,4.0,3.0
1488,3,1,4,4,3.0,
1489,4,4,4,3,3.0,3.0
1490,4,4,3,3,3.0,3.0
1491,1,1,1,3,3.0,3.0
1492,3,3,3,3,2.0,3.0
1493,3,3,4,2,3.0,3.0
1494,4,3,3,2,3.0,
1495,4,2,4,2,4.0,3.0
1496,4,4,1,3,3.0,3.0
1497,1,3,3,3,3.0,3.0
1498,2,2,4,3,3.0,3.0
1499,1,1,4,2,3.0,3.0
1500,3,4,4,3,3.0,3.0
1501,2,3,4,3,3.0,3.0
1502,4,2,3,3,3.0,3.0
1503,4,4,2,3,4.0,4.0
1504,4,2,3,3,4.0,4.0
1505,1,3,4,3,3.0,4.0
1506,3,3,2,3,3.0,4.0
1507,1,1,1,3,3.0,3.0
1508,1,2,3,4,2.0,3.0
1509,3,2,1,3,4.0,3.0
1510,3,1,4,4,3.0,3.0
1511,3,3,4,2,3.0,3.0
1512,3,3,4,3,3.0,3.0
1513,1,4,1,2,3.0,3.0
1514,3,2,4,3,1.0,3.0
1515,3,1,2,2,2.0,
1516,1,4,4,1,2.0,3.0
1517,4,2,3,3,3.0,3.0
1518,2,3,4,2,3.0,3.0
1519,4,3,4,3,2.0,3.0
1520,3,3,4,3,2.0,3.0
1521,3,3,3,3,3.0,3.0
1522,4,2,3,3,4.0,3.0
1523,1,3,2,2,3.0,3.0
1524,4,3,3,3,3.0,3.0
1525,1,3,4,3,2.0,4.0
1526,3,4,2,2,3.0,3.0
1527,4,4,4,3,3.0,
1528,4,2,2,3,3.0,3.0
1529,2,3,3,2,3.0,4.0
1530,4,2,3,3,3.0,3.0
1531,1,2,4,4,2.0,3.0
1532,4,4,3,3,4.0,3.0
1533,2,2,1,3,3.0,3.0
1534,1,3,1,3,2.0,3.0
1535,3,1,3,3,3.0,3.0
1536,4,1,4,3,3.0,4.0
1537,3,4,3,3,3.0,3.0
1538,4,3,1,2,3.0,3.0
1539,1,3,1,3,3.0,3.0
1540,1,4,4,3,2.0,
1541,3,2,4,3,3.0,3.0
1542,1,4,2,3,2.0,3.0
1543,2,2,2,4,2.0,
1544,2,1,4,3,3.0,3.0
1545,1,4,4,3,3.0,
1546,4,2,4,2,3.0,3.0
1547,2,2,4,4,2.0,3.0
1548,3,1,4,3,3.0,3.0
1549,4,4,4,3,3.0,3.0
1550,1,3,4,4,2.0,3.0
1551,2,3,4,2,2.0,3.0
1552,3,2,3,2,4.0,
1553,2,4,1,1,2.0,3.0
1554,2,1,2,3,3.0,3.0
1555,4,1,2,2,3.0,3.0
1556,3,1,1,4,3.0,3.0
1557,3,2,3,3,3.0,3.0
1558,4,3,3,4,3.0,3.0
1559,1,3,2,3,3.0,3.0
1560,3,3,4,3,2.0,3.0
1561,4,3,1,3,2.0,3.0
1562,3,4,1,4,2.0,3.0
1563,2,3,1,4,3.0,3.0
1564,3,3,3,3,2.0,3.0
1565,3,3,4,3,2.0,3.0
1566,4,3,3,3,3.0,3.0
1567,2,1,4,3,3.0,3.0
1568,4,2,2,3,4.0,3.0
1569,2,2,3,3,3.0,3.0
1570,1,1,3,2,3.0,3.0
1571,4,4,4,4,3.0,3.0
1572,1,4,4,4,4.0,4.0
1573,4,2,3,3,3.0,3.0
1574,4,4,1,3,4.0,4.0
1575,3,3,3,3,3.0,
1576,3,3,2,3,4.0,
1577,4,1,4,2,3.0,
1578,2,4,4,1,3.0,3.0
1579,4,2,2,2,4.0,3.0
1580,4,1,3,2,3.0,3.0
1581,4,4,4,3,2.0,3.0
1582,2,3,4,4,3.0,3.0
1583,3,4,1,3,3.0,3.0
1584,3,4,4,3,3.0,3.0
1585,4,4,1,3,3.0,3.0
1586,4,3,1,3,2.0,4.0
1587,4,2,3,2,3.0,
1588,1,4,2,1,3.0,3.0
1589,1,1,1,4,3.0,3.0
1590,3,4,4,3,2.0,
1591,3,3,4,3,2.0,3.0
1592,2,1,3,1,3.0,3.0
1593,1,2,1,2,3.0,3.0
1594,2,1,3,3,2.0,3.0
1595,1,4,1,4,3.0,3.0
1596,3,4,2,4,3.0,4.0
1597,2,2,4,3,2.0,3.0
1598,3,1,2,3,3.0,3.0
1599,3,3,3,4,3.0,4.0
1600,3,3,4,3,2.0,3.0
1601,4,1,2,3,3.0,4.0
1602,3,1,3,2,3.0,3.0
1603,2,4,1,3,3.0,3.0
1604,2,3,4,1,2.0,3.0
1605,2,2,3,2,4.0,
1606,3,2,1,2,3.0,3.0
1607,4,3,4,3,1.0,3.0
1608,3,3,1,3,4.0,3.0
1609,3,1,4,2,3.0,
1610,3,2,2,3,2.0,3.0
1611,1,4,3,4,3.0,3.0
1612,1,4,4,3,3.0,
1613,4,2,3,3,3.0,3.0
